average_entropy,average_policy_loss,average_value,average_value_loss,eprewmean,eval_eprewmean,explained_variance,n_updates,steps,total_steps
2.7080498,-0.0001738126544902722,-0.01838517,0.20776633421579996,-1.4835165,-2.3563218,0.00012894010968989011,24,256,8192
2.7078452,-0.00032416706865963835,-0.15618277,0.19137236041327318,-1.96,-2.28,0.003953803568741754,48,512,16384
2.7066426,-0.000589568484833257,-0.31952637,0.17822221190565163,-2.59,-2.51,0.017785778252225493,72,768,24576
2.698676,-0.0005738488058947647,-0.40536678,0.1794256796129048,-2.55,-2.09,0.05903904922458625,96,1024,32768
2.6977706,-0.0007643591659143567,-0.45682946,0.16419141933321954,-2.42,-2.77,0.186757306563354,120,1280,40960
2.695819,-0.0009696690365672111,-0.42728686,0.15983207762241364,-3.12,-2.52,0.2376800646511782,144,1536,49152
2.6921358,-0.001389319400768727,-0.48833668,0.15189411364495753,-1.66,-2.83,0.3402485493001618,168,1792,57344
2.6885655,-0.0015823717531748115,-0.49434656,0.14360021315515042,-3.0,-2.12,0.37884690880782246,192,2048,65536
2.6835952,-0.004583649204578251,-0.47302812,0.13708711937069892,-1.77,-2.78,0.43850116105992076,216,2304,73728
2.6798298,-0.005324613030534237,-0.580562,0.1199922265857458,-1.71,-1.96,0.521002593748195,240,2560,81920
2.6851435,-0.00675207506865263,-0.49884504,0.11242426782846451,-1.64,-2.14,0.45148932590485114,264,2816,90112
2.6756096,-0.008882960444316268,-0.35264507,0.1001437758654356,-1.57,-1.8,0.4462440742176227,288,3072,98304
2.6708386,-0.010061893700622023,-0.36810762,0.09596008725464344,-1.45,-1.8,0.3966846992399238,312,3328,106496
2.665006,-0.010784098370932043,-0.21046048,0.09517192251980305,-1.48,-1.68,0.4784897158580834,336,3584,114688
2.6537364,-0.01270536612253636,-0.39932036,0.09599089168012143,-1.66,-0.98,0.44655568932664713,360,3840,122880
2.6464574,-0.013099365085363388,-0.34168947,0.09992703065276146,-1.61,-1.69,0.42697504617549575,384,4096,131072
2.6392798,-0.01418485819362104,-0.35169032,0.09237268224358558,-1.32,-1.99,0.5243067772789428,408,4352,139264
2.6279492,-0.01477221684763208,-0.3470781,0.09510459579527378,-1.4,-1.2,0.39897100178786027,432,4608,147456
2.5811958,-0.01577140232315287,-0.3360499,0.09061778079718351,-0.95,-1.3,0.5295606952480084,456,4864,155648
2.5867124,-0.016765723216813057,-0.30847767,0.08101229619234801,-0.81,-1.73,0.5736716352182559,480,5120,163840
2.5920732,-0.018016328832600265,-0.2533419,0.07913018189370633,-1.13,-1.16,0.546259931902795,504,5376,172032
2.5792208,-0.018640409195795654,-0.23206171,0.07135986845940351,-0.57,-0.88,0.4860775921618339,528,5632,180224
2.5879877,-0.01770025722682476,-0.15611407,0.06915138941258192,-0.39,-1.03,0.41632885819978116,552,5888,188416
2.554224,-0.01880217549391091,-0.12158078,0.07184869199991226,-1.37,-0.88,0.4959195937921864,576,6144,196608
2.547486,-0.01921538506168872,-0.1329353,0.06660133231431246,-0.28,-0.56,0.49860783583269086,600,6400,204800
2.5617287,-0.01927600516239181,-0.14312069,0.06481425870209932,-0.33,-0.78,0.4485990657093418,624,6656,212992
2.5663693,-0.020616679994855076,-0.05504438,0.06989792343229055,-0.69,-0.69,0.45374852952734235,648,6912,221184
2.534601,-0.020160816761199386,-0.09945552,0.0679830239713192,-0.74,-0.79,0.4140331550633881,672,7168,229376
2.5011203,-0.021322169329505414,-0.14125249,0.0669112914428115,-0.49,-0.78,0.45334352668574684,696,7424,237568
2.5312693,-0.021809940037783235,-0.11167845,0.06917595461010934,-0.29,-0.54,0.4041089928556142,720,7680,245760
2.5215821,-0.022533702466171236,-0.13575031,0.06095147397369147,-0.69,-0.22,0.5477595990234763,744,7936,253952
2.5066411,-0.022581225817557424,-0.0045757606,0.06059008948504925,-0.26,-0.24,0.28296804601087977,768,8192,262144
2.4852977,-0.023517534679267555,0.03214201,0.061607489734888075,-0.02,-0.56,0.4196629181626641,792,8448,270336
2.4742892,-0.022649233546108007,0.06927043,0.06526021528989076,-0.22,-0.46,0.39407827818183827,816,8704,278528
2.5102715,-0.02257782674394548,0.11383871,0.06721947252750397,-0.45,-0.77,0.4220260133983682,840,8960,286720
2.4847612,-0.021924693258479237,0.100448966,0.06822734896093607,-0.48,-0.1,0.3416520109415424,864,9216,294912
2.4998121,-0.021720817987807096,0.070363976,0.06585742827504873,-0.02,-0.43,0.44471892812007185,888,9472,303104
2.4909863,-0.021592768477275967,0.044741157,0.06726182792335748,-0.6,-0.2,0.3751843560834812,912,9728,311296
2.4671464,-0.022886948278173804,0.075934984,0.06492809090763331,-0.03,-0.29,0.35452825184421255,936,9984,319488
2.4569082,-0.024587417454458773,0.08888734,0.06554481726139784,-0.21,-0.24,0.3417475841092782,960,10240,327680
2.4276748,-0.02428189668338746,0.12435566,0.06619485415518284,0.4,0.21,0.31813790810335607,984,10496,335872
2.408579,-0.02555236655753106,0.2644644,0.059834675937891005,0.77,0.26,0.4191982180295881,1008,10752,344064
2.4144251,-0.0264613153366372,0.14576991,0.059040302969515325,0.6,-0.29,0.4119280704544911,1032,11008,352256
2.4295719,-0.02653985264711082,0.252725,0.05459482282400131,0.27,-0.08,0.4051950221049432,1056,11264,360448
2.461005,-0.025286833783611656,0.2622289,0.05890600096434355,-0.04,-0.36,0.3497426746133554,1080,11520,368640
2.434824,-0.024675370138138534,0.26263532,0.06132023334503174,0.45,0.06,0.34206646112671923,1104,11776,376832
2.439433,-0.024831340410746635,0.17701986,0.0638789102435112,0.08,0.08,0.3718224673984307,1128,12032,385024
2.4258776,-0.025002603852190077,0.23570229,0.06381490305066109,0.5,0.36,0.4548831182350265,1152,12288,393216
2.4692385,-0.026539448173716663,0.20312949,0.05962410341948271,0.54,0.15,0.4657676656040396,1176,12544,401408
2.412825,-0.02741275267675519,0.19629274,0.058511798717081544,0.81,0.45,0.42818784456621384,1200,12800,409600
2.4113553,-0.027617960521019995,0.25303444,0.053562317714095115,0.93,0.6,0.5247916195763491,1224,13056,417792
2.3015711,-0.02806863800622523,0.2640172,0.056940232887864116,0.63,0.63,0.517320803433835,1248,13312,425984
2.3533175,-0.02901103613432497,0.27381676,0.0545744919590652,1.16,0.39,0.5684101173706426,1272,13568,434176
2.32134,-0.02841085333842784,0.2189506,0.05184783289209008,0.83,0.67,0.5732279171999642,1296,13824,442368
2.1993515,-0.027817248892970384,0.21147195,0.05450539303943515,0.79,0.45,0.5019293167085468,1320,14080,450560
2.2295835,-0.029749576332978905,0.28355065,0.04971617633476853,1.25,0.04,0.5146004857839248,1344,14336,458752
2.2138846,-0.02873114441987127,0.37171167,0.051569447405636314,0.95,1.06,0.6225173808273852,1368,14592,466944
2.1924691,-0.028326949370093644,0.43900678,0.05218913912773132,1.14,0.44,0.5901337768984688,1392,14848,475136
2.1972563,-0.02882179316598922,0.40156102,0.05427739307284355,1.01,1.0,0.5643402915393732,1416,15104,483328
2.2106993,-0.028373658461496233,0.5157285,0.0561943656206131,1.04,1.07,0.6156339822115034,1440,15360,491520
2.1936772,-0.029027205836027862,0.49438807,0.05276092678308487,1.57,0.94,0.6822229094455554,1464,15616,499712
2.1541436,-0.029102625669911505,0.44477203,0.05293578069657087,1.28,0.75,0.6688161448381413,1488,15872,507904
2.1701977,-0.027758309082128108,0.3564176,0.05527842536568642,1.11,1.19,0.5933146358645054,1512,16128,516096
2.1091313,-0.027780360952019693,0.36016425,0.05478015966713429,1.04,1.12,0.635970474451623,1536,16384,524288
2.08006,-0.028060654669534415,0.37708363,0.05636638432741165,1.23,0.76,0.6578055233363702,1560,16640,532480
2.0722473,-0.025804512740578503,0.48765177,0.06296766668558121,1.46,0.87,0.6778019225698106,1584,16896,540672
2.1055727,-0.02671674241544679,0.38783106,0.059776332788169385,1.72,0.94,0.6900379898016636,1608,17152,548864
2.1395986,-0.02772897097049281,0.3374159,0.05993817001581192,1.49,1.18,0.6356128745919625,1632,17408,557056
2.1033025,-0.026331669045612217,0.50458527,0.060943571254611015,1.03,1.41,0.6959549176475416,1656,17664,565248
2.0416815,-0.02700648664031178,0.57670885,0.05691124316304922,1.64,1.78,0.7308210219531364,1680,17920,573440
2.0357482,-0.026671349734533577,0.6501312,0.05698045071214437,1.58,1.51,0.7102403930370804,1704,18176,581632
1.9872823,-0.025470209799241274,0.65439796,0.05676153842359781,1.72,1.14,0.7205656691312436,1728,18432,589824
1.9993855,-0.02815241038799286,0.548773,0.05900176413357258,2.0,1.32,0.6576435773233037,1752,18688,598016
1.939935,-0.02740629847627133,0.563043,0.061635996699333194,1.89,1.89,0.6674081722164487,1776,18944,606208
2.0122397,-0.029414858964737504,0.43526134,0.06153687432408333,1.8,1.55,0.7124240255272813,1800,19200,614400
2.0727804,-0.02901765268528834,0.73262095,0.06215025275945663,2.2,1.8,0.677452265317765,1824,19456,622592
2.123851,-0.028918631942942738,0.7005202,0.06474466569721699,2.07,1.87,0.7015942802144286,1848,19712,630784
2.107305,-0.030669081984087826,0.80362207,0.06639439284801484,1.52,1.59,0.7309640409184963,1872,19968,638976
2.12254,-0.030326342002954334,0.69251215,0.0676023656129837,1.9,1.84,0.7239364461518101,1896,20224,647168
2.013527,-0.029826372291427105,0.76235384,0.06990494109690189,2.32,1.74,0.7193908314799877,1920,20480,655360
2.0235717,-0.02923696330515668,1.0705984,0.07844728138297796,2.05,2.17,0.7151934690197128,1944,20736,663552
2.1300352,-0.029339314193930478,0.7032882,0.08138460122048854,2.16,1.43,0.6957349654676557,1968,20992,671744
2.0027695,-0.029429242443293334,1.2029562,0.08282651405781508,2.42,2.22,0.7388178668900458,1992,21248,679936
2.0902143,-0.028684413377195597,0.87434864,0.092635908536613,2.76,2.5,0.5547918708469491,2016,21504,688128
2.024873,-0.02845518134534359,1.0350722,0.08960533902049064,2.72,2.66,0.648686642070304,2040,21760,696320
1.9784532,-0.024773679142817855,0.9505375,0.1175096070021391,3.28,3.26,0.3868224923011564,2064,22016,704512
2.0873792,-0.023713071453385054,1.0128614,0.12908799696713685,3.21,3.45,0.5937379678500109,2088,22272,712704
2.112991,-0.02562761204317212,1.0342994,0.1255503722280264,2.87,3.29,0.6574906759962191,2112,22528,720896
2.1104684,-0.02201065289787948,0.9717172,0.1708944022655487,3.71,3.51,0.38077460464077983,2136,22784,729088
2.1564424,-0.022918652491644025,1.2588909,0.1635893140733242,3.97,3.32,0.5483007263568249,2160,23040,737280
2.140053,-0.023398753008805215,1.0293032,0.16063477218151093,3.05,2.81,0.5904907740237046,2184,23296,745472
2.0708182,-0.019812215492129324,1.1784016,0.17898732893168925,4.15,2.88,0.5591780280294936,2208,23552,753664
2.1581738,-0.021649603764526546,1.1948564,0.1479756712913513,4.53,4.47,0.6731973957081182,2232,23808,761856
2.1215556,-0.02508792545180768,1.2042022,0.13642833665013313,3.54,3.76,0.6502256430387865,2256,24064,770048
2.0601687,-0.02467334202956408,1.2334856,0.14362152107059956,4.03,2.95,0.6150530970349288,2280,24320,778240
2.1736562,-0.024558770940639078,1.0019014,0.14854103513062,4.44,4.07,0.6601806860253668,2304,24576,786432
2.1462543,-0.025514908558689056,1.1037124,0.1446907875686884,3.93,4.21,0.6393314322964105,2328,24832,794624
2.138013,-0.02197803479153663,1.0855672,0.16310278922319413,4.63,4.15,0.6784053829956483,2352,25088,802816
2.151761,-0.023311151047237216,1.3280691,0.1627989085018635,5.52,3.96,0.7239478561153289,2376,25344,811008
2.2451968,-0.026444489257410168,1.1500404,0.14721654519438743,5.18,4.15,0.739768807741091,2400,25600,819200
2.1419513,-0.025888217254541813,1.5213588,0.1515415343642235,4.48,5.35,0.7264588079419496,2424,25856,827392
2.1550286,-0.026372987031936645,1.5055064,0.1480194501578808,5.14,5.82,0.7411571001707153,2448,26112,835584
2.099158,-0.026633704816922545,1.6442446,0.16103729717433451,6.14,5.76,0.757438977624466,2472,26368,843776
2.069753,-0.02679768995847553,1.9459004,0.1656841292232275,5.62,6.65,0.7553954180070034,2496,26624,851968
2.0932152,-0.02458288547117263,2.0794544,0.17947040565311909,6.18,7.09,0.7333174033132401,2520,26880,860160
2.0874014,-0.023165292581543328,1.8272127,0.1867308147996664,6.9,8.17,0.7620013902347489,2544,27136,868352
2.066273,-0.023727380353957415,2.1518373,0.17606743030250072,6.53,7.2,0.7254640574080049,2568,27392,876544
2.086081,-0.02198028021492064,2.3401425,0.1860463312268257,6.86,7.82,0.8084518441070996,2592,27648,884736
2.130101,-0.021138309543021025,2.2465801,0.19739825874567032,8.04,8.05,0.8308410883580047,2616,27904,892928
2.0580006,-0.022746867202222347,2.6298609,0.2050729762017727,8.17,8.68,0.8192061014845491,2640,28160,901120
2.0696838,-0.022317017540335656,2.3821805,0.21563600584864617,8.27,9.73,0.7664314397266827,2664,28416,909312
2.0225015,-0.022142822002060712,2.5411756,0.22304361164569855,7.33,9.45,0.8285483919875597,2688,28672,917504
1.9465828,-0.02329625016078353,2.8952177,0.24152666985988616,8.24,8.82,0.7845870875616585,2712,28928,925696
1.9631811,-0.02488855696748942,3.0201492,0.24708589628338815,8.7,8.07,0.8249287132152322,2736,29184,933888
1.9932048,-0.025524733513593675,2.9846597,0.26441597923636434,8.73,8.76,0.7397984587778268,2760,29440,942080
2.026795,-0.024196599968709053,2.8262398,0.29099136501550676,10.77,9.83,0.8196959436550888,2784,29696,950272
2.026551,-0.02302561783697456,2.9034612,0.310520082116127,11.31,9.54,0.7497667740496136,2808,29952,958464
2.0154681,-0.022767888302914797,2.8574843,0.31120945811271666,11.23,8.75,0.8044549345799901,2832,30208,966656
1.9672524,-0.02250981961376965,3.3835862,0.3271804663538933,9.15,7.63,0.7969947501009237,2856,30464,974848
2.0015836,-0.022309802826493978,3.02454,0.33203949213027956,9.38,7.37,0.85170620018003,2880,30720,983040
2.083314,-0.023690687650814654,2.3930955,0.29774162366986273,9.02,7.72,0.7623816694244251,2904,30976,991232
2.0415318,-0.0219819615338929,3.1219726,0.3224890923500061,9.82,9.44,0.7792465595027036,2928,31232,999424
2.095269,-0.023117837810423224,3.0909693,0.3121472291648388,10.97,9.56,0.8547927958121142,2952,31488,1007616
2.0313387,-0.02161804127274081,3.273688,0.32385768339037896,10.88,9.0,0.8163492579075882,2976,31744,1015808
2.07386,-0.021400539220776407,3.286111,0.3323580026626587,10.82,8.39,0.8287310863715812,3000,32000,1024000
2.1431098,-0.0217423310643062,2.355828,0.31936919316649437,10.97,9.19,0.859531972446779,3024,32256,1032192
2.0784225,-0.02167817732784897,3.5664093,0.34090236499905585,10.84,9.32,0.776424805201873,3048,32512,1040384
2.0906792,-0.022469495604746044,3.08324,0.31539209112524985,11.81,9.33,0.8692214321030891,3072,32768,1048576
2.0748272,-0.02321501381229609,3.4233072,0.33044138208031654,12.83,9.44,0.842702965846155,3096,33024,1056768
2.1289425,-0.023288887883536516,3.4204013,0.33469692498445514,12.17,10.24,0.767766083931632,3120,33280,1064960
2.0851142,-0.02247383976355195,3.3163831,0.3203862825036049,11.8,10.39,0.8203192852917198,3144,33536,1073152
2.1192021,-0.02230815485585481,3.7925391,0.32334726557135585,11.87,11.09,0.8271255024691204,3168,33792,1081344
2.1252654,-0.02043304543942213,3.7555661,0.31296279713511466,12.11,11.54,0.8334954502696819,3192,34048,1089536
2.1211078,-0.01774302339181304,3.8594081,0.3266759057343006,12.37,11.86,0.8183309058817845,3216,34304,1097728
2.1369774,-0.018692721226252616,3.2518222,0.3500038014352322,12.55,12.29,0.793741992492931,3240,34560,1105920
2.0639853,-0.019884153013117613,4.1163034,0.3572894483804703,12.26,12.13,0.8158656287535264,3264,34816,1114112
2.0796645,-0.02340281258802861,3.6879756,0.3539805905520916,11.65,12.59,0.848362082351555,3288,35072,1122304
2.049257,-0.024758517304435373,3.95989,0.3511320251226425,11.01,13.98,0.8420981276245255,3312,35328,1130496
2.054501,-0.026032262216322124,3.8896086,0.33729744493961333,10.87,14.69,0.8370328355777622,3336,35584,1138688
2.0984898,-0.023689609810244292,3.6038237,0.35069562822580336,10.13,14.6,0.8017759410985945,3360,35840,1146880
2.1087074,-0.022740714696701615,3.4733036,0.3617532972991466,12.08,13.54,0.8409059518035573,3384,36096,1155072
2.0642738,-0.022533275200985373,3.7751696,0.39637254923582077,12.31,11.26,0.7432288013056139,3408,36352,1163264
2.0701814,-0.02217926684767008,3.9585605,0.406692875623703,12.74,11.23,0.8180939791707632,3432,36608,1171456
2.0662377,-0.022630575185175986,4.3317313,0.4147925034165382,13.09,10.83,0.7841154470695356,3456,36864,1179648
2.0323234,-0.02351547815138474,4.4933233,0.4174043703079224,12.53,13.76,0.8239556469239165,3480,37120,1187840
2.035791,-0.023476869638543577,3.7993267,0.39891993820667265,11.67,15.4,0.7569980087026688,3504,37376,1196032
2.0382164,-0.022909475432243198,4.281831,0.37260023683309557,11.36,16.05,0.754063265973786,3528,37632,1204224
2.0660071,-0.02211603385163471,4.2303247,0.37081561774015426,11.68,16.12,0.7881528972465929,3552,37888,1212416
1.9439412,-0.019877835696097464,4.8786087,0.36490083634853365,11.82,14.5,0.8617155127872294,3576,38144,1220608
2.1129346,-0.02007319072727114,3.8794336,0.32577005714178087,12.8,13.44,0.8843306140362265,3600,38400,1228800
2.0239666,-0.02047193151433021,4.190971,0.3393425288796425,14.7,14.02,0.8303175399276849,3624,38656,1236992
2.0873618,-0.021463174619711936,4.6456323,0.3110496474802494,14.75,13.72,0.8197361948714381,3648,38912,1245184
2.0916421,-0.023118137824349107,4.0675225,0.2941818270087242,15.55,14.54,0.8750559982338394,3672,39168,1253376
2.028219,-0.022594492435455322,5.016823,0.3103712509572506,14.33,15.76,0.8722136726073191,3696,39424,1261568
1.9384929,-0.02356046048924327,5.2794375,0.29810694351792333,15.03,15.12,0.8007991767874226,3720,39680,1269760
2.0169516,-0.02208894956856966,5.1987233,0.3106263579428196,15.1,14.4,0.8272555601253294,3744,39936,1277952
2.058797,-0.02314110965002328,4.9587374,0.3264923579990864,15.37,14.82,0.836376358891521,3768,40192,1286144
1.9977074,-0.022306026495061814,5.232257,0.32814030393958094,15.65,14.3,0.8020541476560497,3792,40448,1294336
2.0631742,-0.023680270835757255,4.8261886,0.33361412048339845,14.09,15.87,0.8347089977403956,3816,40704,1302528
2.027508,-0.024471943080425263,5.0283437,0.3239684548974037,13.63,16.04,0.8497312533354172,3840,40960,1310720
2.0922716,-0.024615014218725265,4.7424297,0.30815386548638346,14.01,15.23,0.8664641516586685,3864,41216,1318912
1.9641504,-0.023217878614086657,5.687121,0.29547623559832575,14.52,16.19,0.8372131241701878,3888,41472,1327104
2.067924,-0.02271799693349749,4.955131,0.2869637517631054,16.82,13.91,0.8573731572569504,3912,41728,1335296
2.0041282,-0.02317285859491676,4.6084394,0.273592072725296,17.03,13.14,0.8611490591392921,3936,41984,1343488
2.098619,-0.023915804154239596,4.329278,0.251321351826191,15.78,13.29,0.9132449351378911,3960,42240,1351680
2.0163097,-0.024595256021711975,4.7217402,0.26489885002374647,15.16,13.24,0.8607276195081648,3984,42496,1359872
2.0587938,-0.02429290010361001,5.582635,0.2720175637304783,13.57,14.21,0.8227579548581307,4008,42752,1368064
1.9742582,-0.024143977710045873,5.331969,0.27341092228889463,13.96,16.41,0.861943681830633,4032,43008,1376256
1.9581928,-0.024076511324383317,5.3525176,0.3013543212413788,15.33,16.22,0.795470758256492,4056,43264,1384448
1.9690143,-0.023810136546380818,5.369284,0.2835520203411579,15.4,14.91,0.8271858695800387,4080,43520,1392640
2.0077424,-0.024133158903568982,4.7560587,0.2913577702641487,16.11,16.29,0.8490566898204744,4104,43776,1400832
1.9772272,-0.024584036003798247,5.150134,0.2807914000749588,14.47,15.32,0.9000975650045633,4128,44032,1409024
1.9917938,-0.022888019885867833,5.4821734,0.28788707092404364,13.81,16.47,0.8406026876402395,4152,44288,1417216
2.0070596,-0.02531043438706547,5.2817616,0.28983842954039574,13.95,16.56,0.866483834976451,4176,44544,1425408
1.9267752,-0.023858874484430997,5.8795357,0.2872000665962696,14.9,17.39,0.8804509083249079,4200,44800,1433600
1.9582047,-0.023357252760324628,5.5072994,0.2901123902201653,15.67,18.03,0.8636953266424411,4224,45056,1441792
1.9584227,-0.023010576816741377,5.9204965,0.27418743193149564,18.11,16.65,0.8747858270301858,4248,45312,1449984
1.9929423,-0.022066309044603258,5.4591203,0.2818485859036446,18.16,17.86,0.889928516241278,4272,45568,1458176
1.9959053,-0.022113300310447812,5.390337,0.2803308583796024,17.93,18.1,0.8945912729631501,4296,45824,1466368
1.93124,-0.019651304250583052,5.9540653,0.31898501843214033,18.16,17.68,0.8720899584355106,4320,46080,1474560
1.9338768,-0.017983431392349303,6.303204,0.325964682251215,17.62,17.98,0.8699449514452453,4344,46336,1482752
1.9327707,-0.016782294686418026,6.571329,0.33569376841187476,18.26,17.4,0.8484380999859461,4368,46592,1490944
1.9720619,-0.016554585292469712,6.6799192,0.3182087504863739,18.8,17.02,0.8317684340960714,4392,46848,1499136
1.9572228,-0.01893108444986865,6.3582315,0.3006081089377403,17.87,16.9,0.8313337873990604,4416,47104,1507328
1.9599605,-0.020993161059450358,6.17547,0.3039333717525005,18.62,17.54,0.8455129667927351,4440,47360,1515520
1.9317935,-0.019814566117711364,6.310203,0.28086471125483514,19.22,17.28,0.8748993919649943,4464,47616,1523712
1.9775182,-0.01990298225544393,6.040631,0.3191091124713421,17.4,17.34,0.8374152523440281,4488,47872,1531904
2.0485013,-0.02123989903833717,7.037,0.28643121376633646,17.22,16.91,0.8933668640665936,4512,48128,1540096
2.021285,-0.021526322714053095,5.6274047,0.28128536343574523,16.34,15.61,0.8844261279492045,4536,48384,1548288
2.0422645,-0.021776212758850305,6.6153855,0.2879305912554264,15.53,15.76,0.8236790814417247,4560,48640,1556480
2.0409796,-0.020400084832217544,6.754958,0.25984554588794706,17.02,15.36,0.8247396393007287,4584,48896,1564672
2.0434878,-0.020720080917235463,6.7543516,0.29140823215246203,17.24,14.72,0.8057475720637093,4608,49152,1572864
1.9362923,-0.019488024085294455,6.7963533,0.3161343760788441,16.68,14.46,0.8108309819014141,4632,49408,1581056
1.99049,-0.020484218397177754,6.372148,0.3028571014106274,17.2,14.29,0.8949038150830227,4656,49664,1589248
1.9649057,-0.021649794853292405,6.649208,0.33763826787471773,17.14,14.73,0.803030018682188,4680,49920,1597440
2.0362043,-0.020729094999842344,6.54371,0.3514628255367279,16.58,14.46,0.8356000979647703,4704,50176,1605632
2.0648732,-0.022011888516135513,5.8295283,0.33754849195480346,17.0,13.93,0.8489515660232423,4728,50432,1613824
2.0063207,-0.020537312119267882,6.5576777,0.365995764285326,15.53,14.59,0.8612974446112971,4752,50688,1622016
2.0256383,-0.02115899291820824,6.766843,0.36029142647981643,15.06,13.87,0.8252434757172752,4776,50944,1630208
1.9646952,-0.02006679235957563,6.7523494,0.3423544882237911,15.61,14.32,0.8420347733011997,4800,51200,1638400
2.0008388,-0.021441263793967665,6.326817,0.34871324375271795,14.87,14.94,0.8306905959608779,4824,51456,1646592
1.9919804,-0.020070494790561496,6.4020047,0.3351594343781471,15.37,13.73,0.8517701429058226,4848,51712,1654784
2.026725,-0.02066817139275372,5.991073,0.32478718370199205,15.39,15.56,0.8614626153077296,4872,51968,1662976
1.9897642,-0.023621186884120106,5.897833,0.3109645693004131,14.57,15.34,0.8713134288739157,4896,52224,1671168
2.0019078,-0.021947419010102748,5.9567413,0.2924201583862305,14.85,15.37,0.8678534964854987,4920,52480,1679360
2.047062,-0.02259121363516897,6.070041,0.3118963700532913,14.82,14.72,0.813143381069795,4944,52736,1687552
2.0079143,-0.023106515896506606,6.2341437,0.3172987301647663,15.52,14.07,0.8788080077208624,4968,52992,1695744
2.0924215,-0.024189495472237466,6.26525,0.31973453029990195,15.28,14.31,0.8820597071566052,4992,53248,1703936
1.9454696,-0.022497439773287622,6.1315694,0.34130978882312774,16.29,14.08,0.8698878517485286,5016,53504,1712128
1.9694397,-0.021869246249552818,5.840502,0.3283712950348854,16.26,14.83,0.8838148591360273,5040,53760,1720320
1.9571657,-0.021770709755364805,6.606794,0.3454938155412674,15.62,14.83,0.8399873339975616,5064,54016,1728512
1.9541875,-0.020306742920074613,6.713164,0.3494845561683178,16.63,15.89,0.8604703244227911,5088,54272,1736704
2.0070271,-0.020764625878073276,6.9336405,0.3501667807996273,17.19,16.63,0.8524450851533567,5112,54528,1744896
2.0382583,-0.021302958242595194,6.923447,0.3534290118515491,18.13,17.93,0.8406545956767888,5136,54784,1753088
1.9903299,-0.02302632946986705,6.4854465,0.3149197901785374,18.9,18.41,0.8885464294426991,5160,55040,1761280
1.9218029,-0.022907133572734894,6.833329,0.3010801672935486,19.64,18.47,0.8594484627914307,5184,55296,1769472
1.9917334,-0.021945905149914326,6.5870585,0.28768072322010996,19.59,18.9,0.856044640333173,5208,55552,1777664
2.042864,-0.023385381498374044,6.4856486,0.2675857870280743,19.65,19.54,0.808418002556551,5232,55808,1785856
2.004372,-0.023813934768550097,7.067138,0.2638740463554859,20.29,18.78,0.8414042651113018,5256,56064,1794048
2.082267,-0.02406839503441006,6.399931,0.2733595488965511,18.32,19.51,0.8574654428704065,5280,56320,1802240
2.0691073,-0.024780031978152692,6.3628445,0.24926137685775757,19.6,19.09,0.8877926053969978,5304,56576,1810432
1.9719653,-0.023061728309839963,7.1872478,0.2470662359893322,19.79,17.78,0.8618988806870925,5328,56832,1818624
2.0611353,-0.02352116866502911,7.052943,0.2712658624351025,18.54,18.05,0.7871399155416653,5352,57088,1826816
2.0003576,-0.02381601286586374,7.19415,0.2826930528879166,18.04,16.58,0.8136919441868377,5376,57344,1835008
2.0596962,-0.023871093997731806,6.9780235,0.32891094326972964,16.53,17.8,0.7398613913729535,5400,57600,1843200
1.9897329,-0.025014424822293223,7.009632,0.33690460696816443,16.32,18.01,0.8305262509539297,5424,57856,1851392
2.0535069,-0.024291897565126418,7.325922,0.38496521204710005,15.9,18.61,0.7517172224402402,5448,58112,1859584
2.0243485,-0.024578553549945356,7.166639,0.3791447614133358,15.83,19.48,0.8199148985533956,5472,58368,1867776
2.0329833,-0.022263691979460418,7.0881557,0.37588936910033227,16.16,19.41,0.8076799089851137,5496,58624,1875968
2.069623,-0.021244412306696176,6.6166673,0.37516033723950387,17.24,19.74,0.8769445322959937,5520,58880,1884160
2.0042503,-0.019601101949810983,7.311412,0.31785619497299195,18.19,19.93,0.8933427429955955,5544,59136,1892352
2.0092282,-0.01858579784631729,7.011136,0.2966763436794281,20.36,19.74,0.8666211277594997,5568,59392,1900544
2.0289996,-0.018539308765903116,7.3227687,0.26598709836602213,21.3,20.11,0.8733235458870967,5592,59648,1908736
2.0440378,-0.020021003587171435,6.7113385,0.2534128250181675,21.69,20.04,0.8830320705791824,5616,59904,1916928
2.0298033,-0.019300619433633984,6.95713,0.260760261118412,22.02,20.03,0.853536957379505,5640,60160,1925120
2.0201402,-0.021858255858533085,6.672789,0.26942154437303545,21.65,20.79,0.8166402019132849,5664,60416,1933312
2.009581,-0.022163105891086162,6.9027734,0.2735889621078968,21.53,18.68,0.821727709175888,5688,60672,1941504
2.0600283,-0.021303437487222254,7.09771,0.2862545026838779,20.3,19.27,0.7914338393416265,5712,60928,1949696
2.0457587,-0.021477886049542576,7.3837366,0.2697951354086399,21.37,18.35,0.8229997741786846,5736,61184,1957888
2.0860417,-0.02233810704899952,7.455711,0.23918782249093057,20.65,17.7,0.9048732555954414,5760,61440,1966080
2.094261,-0.022876624211203306,7.2230644,0.22958739519119262,20.91,19.55,0.8555840040703799,5784,61696,1974272
2.057817,-0.022623783911112697,7.0104165,0.20099255844950675,22.05,20.57,0.8774867358553893,5808,61952,1982464
2.0503604,-0.0225138040445745,7.0780644,0.20152257174253463,22.64,19.79,0.8102472999720158,5832,62208,1990656
2.0588057,-0.02230608094483614,6.7454596,0.2532283219695091,20.99,18.46,0.8071315535209129,5856,62464,1998848
2.0581462,-0.02188744560815394,7.2414002,0.2938037183880806,19.26,16.55,0.8216840722840145,5880,62720,2007040
2.0204988,-0.02358530736528337,7.0645194,0.31600006818771365,16.69,16.89,0.8718679409349392,5904,62976,2015232
2.0780694,-0.022745129875838755,7.507213,0.32361590400338175,16.37,17.95,0.8316353344945616,5928,63232,2023424
2.053173,-0.023823837107047437,7.511253,0.2840712763369083,16.55,19.45,0.8146720895968671,5952,63488,2031616
2.1226895,-0.022931064735166727,7.6547246,0.2583897346258163,19.91,19.99,0.7926299912459595,5976,63744,2039808
2.0662277,-0.02204245950328186,7.7936163,0.23588328927755356,20.57,20.51,0.7496503692451276,6000,64000,2048000
2.0631309,-0.022228732558432968,7.299091,0.2406637726724148,22.35,19.57,0.7750853184156876,6024,64256,2056192
2.031736,-0.022653350171167402,7.198372,0.23402270674705505,21.62,19.04,0.8702522274380774,6048,64512,2064384
2.043815,-0.022193962063174696,7.670445,0.23382715925574302,21.06,18.94,0.7836970721093177,6072,64768,2072576
2.0972984,-0.022796527184545994,7.817636,0.23595943227410315,21.17,18.57,0.7363984812915514,6096,65024,2080768
2.0516875,-0.024355077464133502,7.7755566,0.24621484711766242,20.04,18.09,0.725227855183048,6120,65280,2088960
2.0712852,-0.023914482505060734,7.6755595,0.23805709674954414,20.79,17.36,0.8235268341028769,6144,65536,2097152
2.0592659,-0.022964131231419743,7.6520157,0.231843743622303,20.68,16.43,0.7928896948202873,6168,65792,2105344
2.0190313,-0.022805991116911173,7.5475965,0.23422964692115783,21.37,17.97,0.7920213833275942,6192,66048,2113536
2.0323656,-0.022388801160268486,7.6887007,0.20080599099397659,20.84,18.67,0.8852246290581552,6216,66304,2121728
2.0200503,-0.02362660081591457,7.3742547,0.20978022441267968,21.05,18.73,0.8803022288697766,6240,66560,2129920
2.0108495,-0.023335126847960054,7.4440947,0.220557079911232,20.8,18.72,0.8358300893548337,6264,66816,2138112
2.0534136,-0.024091037325561046,7.4032516,0.2228742201626301,21.37,19.59,0.8037034064453737,6288,67072,2146304
2.0738506,-0.023962092455476522,7.725792,0.23551182582974434,21.68,19.46,0.7401551322258689,6312,67328,2154496
2.0389085,-0.02334404907654971,7.255193,0.2583383314311504,21.36,18.94,0.7600825670305237,6336,67584,2162688
2.1047442,-0.02403181450907141,6.798294,0.25031477078795433,22.22,19.3,0.8537941493479687,6360,67840,2170880
2.0545282,-0.022325993101112544,7.4026966,0.27118893072009087,20.93,19.64,0.7707997141368519,6384,68096,2179072
2.0392778,-0.02238389613572508,7.848818,0.2660858153551817,21.02,18.85,0.8549891860959632,6408,68352,2187264
1.9942476,-0.022856293376535178,7.7122707,0.26227072037756444,19.72,19.82,0.8278331042212331,6432,68608,2195456
2.0645752,-0.02273767570964992,7.9773426,0.2646338144689798,20.49,19.99,0.7713333637278337,6456,68864,2203648
2.0191317,-0.02336472398135811,7.8965535,0.2818963988870382,20.1,19.63,0.710053129476328,6480,69120,2211840
2.0329435,-0.023846409351099284,8.045631,0.2847580476105213,20.95,18.86,0.8302776687499865,6504,69376,2220032
2.014101,-0.02215237732278183,8.036089,0.2855567355453968,21.28,19.69,0.7891708204249555,6528,69632,2228224
2.0059347,-0.020739506685640664,8.162197,0.2803018069267273,22.9,19.44,0.7874319106968694,6552,69888,2236416
1.996159,-0.020397600003052505,7.5021486,0.26538751646876335,22.53,20.12,0.7344436062146571,6576,70144,2244608
2.0296745,-0.01948075194610283,7.513654,0.27193973869085314,22.23,21.19,0.8430113341707304,6600,70400,2252800
2.0098388,-0.020432301075197758,8.126336,0.2516060420870781,21.79,20.57,0.8856570265880492,6624,70656,2260992
1.9748319,-0.01950616636313498,7.6659737,0.2757334856688976,21.0,19.6,0.7828089543618652,6648,70912,2269184
1.9828142,-0.020350172221660613,8.734725,0.28441707909107206,19.75,19.14,0.7177278031546386,6672,71168,2277376
2.0197473,-0.02076787220314145,8.179865,0.2829033453762531,19.9,18.52,0.7542310031963323,6696,71424,2285568
1.9669259,-0.02100912424735725,8.485531,0.30024327903985976,19.59,18.37,0.7878976154399358,6720,71680,2293760
1.9589502,-0.02206359210424125,8.58895,0.2797560268640518,19.94,18.19,0.8052241226001158,6744,71936,2301952
1.982876,-0.021500658402219416,8.4932785,0.26631831377744675,20.35,18.85,0.777768195349257,6768,72192,2310144
1.9955304,-0.022110547171905637,8.8952465,0.2582385124266148,20.65,19.72,0.8066113210293213,6792,72448,2318336
2.0041804,-0.022925507617183028,8.475248,0.26331843465566634,20.58,19.71,0.8293320205188757,6816,72704,2326528
1.993206,-0.02177230062428862,8.693371,0.30816750571131707,19.41,20.82,0.7426105294385587,6840,72960,2334720
1.9901386,-0.02213233815971762,8.677483,0.33947070196270945,20.02,20.07,0.7161612688588088,6864,73216,2342912
1.9940206,-0.019309074538759886,9.067979,0.3615520191192627,19.54,20.32,0.6932979504212966,6888,73472,2351104
1.9996382,-0.020143293091095985,9.206624,0.35698451697826383,20.24,20.22,0.7269891122639491,6912,73728,2359296
1.9478209,-0.01860109520610422,8.501862,0.3884716702997684,20.09,20.78,0.7008362571536887,6936,73984,2367488
1.9577489,-0.017890016692690552,8.840146,0.3721889455616474,19.59,20.95,0.7303245264393181,6960,74240,2375680
1.9846644,-0.01991909632924944,8.892887,0.3632971324026585,19.6,20.63,0.7629461458886091,6984,74496,2383872
1.9743426,-0.019033933002501727,9.006872,0.33605793327093125,20.69,20.74,0.8276646077201693,7008,74752,2392064
1.9660484,-0.01825665920972824,9.1705475,0.27170685097575187,20.44,20.02,0.7840521436607228,7032,75008,2400256
2.0173836,-0.021025733752176166,8.618207,0.2310179030895233,22.46,19.33,0.7946517074139859,7056,75264,2408448
1.9730914,-0.02066522905603051,8.838563,0.1956410866230726,23.21,19.8,0.8303048760527443,7080,75520,2416640
1.9927822,-0.020584776788018642,8.85433,0.2217936109751463,23.21,19.5,0.767761250791919,7104,75776,2424832
1.9096328,-0.02010470545850694,9.138842,0.24026960276067258,23.09,20.83,0.6454022762040647,7128,76032,2433024
1.8998897,-0.01926759830676019,9.077985,0.23927942000329494,23.29,21.4,0.7819033096604915,7152,76288,2441216
1.9885263,-0.01828675316646695,9.4136915,0.23017053738236426,24.37,20.92,0.7335060117370742,7176,76544,2449408
1.980656,-0.016838312787003814,9.361699,0.23329607903957367,24.18,20.14,0.7147111828065305,7200,76800,2457600
1.9428451,-0.018214959129691125,8.954787,0.23168783649802208,23.81,19.09,0.794480961931162,7224,77056,2465792
1.9282613,-0.02023183537647128,9.034272,0.25498694866895677,22.48,18.59,0.8202357551394426,7248,77312,2473984
1.9219111,-0.02175279031973332,9.172502,0.2689994268119335,22.4,18.04,0.7601185355584824,7272,77568,2482176
1.9284437,-0.020371651030145585,9.010267,0.28914759814739227,21.64,18.83,0.771950890039625,7296,77824,2490368
1.99243,-0.01950111265759915,9.312871,0.30686839938163757,20.92,19.28,0.6863592897408644,7320,78080,2498560
2.012314,-0.0188101520226337,9.617072,0.31849718347191813,21.28,19.96,0.7268155067043173,7344,78336,2506752
1.9245613,-0.018508651002775878,9.566457,0.3070720741152763,21.91,21.84,0.8347491551251078,7368,78592,2514944
2.0071218,-0.019433635727036744,9.469684,0.29381579846143724,21.99,22.56,0.7187101832722316,7392,78848,2523136
1.9923979,-0.01873378510819748,9.570066,0.27596113085746765,22.03,22.91,0.5294146298063515,7416,79104,2531328
1.9756362,-0.0169893217808567,9.5719795,0.2428903415799141,22.93,21.19,0.7588892759232939,7440,79360,2539520
2.007979,-0.017067659636959432,9.189891,0.2743028596043587,22.52,21.18,0.7662823778766128,7464,79616,2547712
1.9562103,-0.015939526003785433,9.830213,0.3131719793379307,21.65,19.56,0.6296989650377143,7488,79872,2555904
1.8975803,-0.016269946391694247,9.956058,0.31376847937703134,21.89,19.55,0.7706429338756013,7512,80128,2564096
1.9426198,-0.01574609023053199,9.941307,0.3726142963767052,21.43,19.34,0.6254163285573721,7536,80384,2572288
2.0081236,-0.015044148415327072,9.9219885,0.384546997398138,21.32,20.18,0.7445446055227574,7560,80640,2580480
1.9832236,-0.01414709597826004,9.792875,0.40945875391364095,21.81,21.4,0.6920105803097518,7584,80896,2588672
1.9519641,-0.01226630951743573,10.222674,0.419126191586256,20.92,22.23,0.8111201518329585,7608,81152,2596864
1.9688545,-0.011810146127827466,10.393849,0.42165343448519704,20.97,22.42,0.5471142237978155,7632,81408,2605056
1.9469243,-0.012341828220523893,10.088901,0.410216823220253,21.03,22.79,0.712741847572405,7656,81664,2613248
1.9228129,-0.012420872328802943,10.270426,0.40003892570734023,20.82,22.6,0.572278614858661,7680,81920,2621440
1.9277905,-0.01220541118644178,10.888375,0.4292915712296963,21.96,22.25,0.566188798351563,7704,82176,2629632
1.9831417,-0.012111182827502488,10.817634,0.4291487614810467,22.52,22.26,0.5488008746152893,7728,82432,2637824
1.9702871,-0.011893392042256892,10.904065,0.4335010001063347,22.74,22.75,0.6287449719945521,7752,82688,2646016
1.9773997,-0.012141304863616824,10.768947,0.4518048471212387,22.36,22.71,0.6393939266769109,7776,82944,2654208
2.0009656,-0.012336853328160941,10.521328,0.40275383695960043,24.17,23.19,0.7574241570874934,7800,83200,2662400
1.9616504,-0.012009838484227658,10.94353,0.39828830435872076,23.81,24.4,0.6750646590948529,7824,83456,2670592
1.9908091,-0.01277562528848648,11.142848,0.37655931696295736,23.85,24.09,0.7431991714776613,7848,83712,2678784
1.9843208,-0.01266116825863719,10.9820385,0.3452488876879215,24.19,23.64,0.6052957470721362,7872,83968,2686976
1.983387,-0.012886674907058478,11.0881605,0.339307142496109,24.52,24.13,0.7073116091518553,7896,84224,2695168
1.9216037,-0.013295397576875985,11.298049,0.3795298200845718,24.18,23.23,0.6865700329987627,7920,84480,2703360
1.996421,-0.0131908861361444,11.291122,0.3848833167552948,24.11,22.28,0.7529937235370453,7944,84736,2711552
1.9852448,-0.012955124727450312,11.553163,0.3694754369556904,24.66,22.43,0.7505188304087527,7968,84992,2719744
1.956905,-0.013054488617926836,11.278961,0.431482899338007,23.54,21.81,0.6380503477311621,7992,85248,2727936
2.0117354,-0.012370449602603912,11.764227,0.41032813653349876,23.51,21.51,0.7048745001133474,8016,85504,2736128
1.9119761,-0.012591305682435631,11.95637,0.3844678595662117,24.59,22.18,0.7491537235059995,8040,85760,2744320
1.9462842,-0.01271031394135207,11.658869,0.436554614007473,24.32,22.99,0.6802787239684478,8064,86016,2752512
1.9415141,-0.011739700376056135,11.787535,0.409311311095953,23.79,23.48,0.7558732327084328,8088,86272,2760704
1.9496765,-0.01178663816768676,11.391781,0.40266612261533735,24.12,23.9,0.6423189094756461,8112,86528,2768896
1.9058484,-0.012400858509354294,11.951278,0.3686175782233477,24.58,23.13,0.8109412649107782,8136,86784,2777088
1.9596423,-0.013072486082091928,11.641549,0.3391620857268572,24.13,23.68,0.7520593699525963,8160,87040,2785280
1.9365278,-0.012894412614405154,11.810797,0.343836188390851,24.44,22.59,0.7058130870965202,8184,87296,2793472
1.9831842,-0.013671459890902042,11.911443,0.35226744882762434,24.1,22.33,0.6316437908385533,8208,87552,2801664
2.0507324,-0.013861910356208682,11.668904,0.3834302618354559,24.27,22.36,0.727149696771024,8232,87808,2809856
2.0243576,-0.015203421991318465,11.603689,0.37750352412462235,23.97,22.32,0.6827698960248159,8256,88064,2818048
2.014105,-0.013680392014794051,11.695322,0.3345275901257992,24.34,22.23,0.7581538019089065,8280,88320,2826240
2.0342329,-0.011860717847011983,11.504484,0.29145825996994973,24.59,21.49,0.7518258895321724,8304,88576,2834432
1.9412979,-0.010362850865349174,12.19277,0.32058430954813955,24.81,22.42,0.6430158605967335,8328,88832,2842624
1.9530218,-0.008839310705661773,12.036064,0.3720459572970867,24.03,22.19,0.7115129995312583,8352,89088,2850816
1.9848236,-0.00922977868001908,11.732162,0.3670181696116924,23.65,21.74,0.7734593987814017,8376,89344,2859008
1.9923748,-0.01283674614969641,11.385225,0.3671151632070541,23.19,21.28,0.7901038221698424,8400,89600,2867200
2.0427732,-0.014647567104548216,11.366984,0.3453354974091053,22.77,21.66,0.7852160574289888,8424,89856,2875392
1.9705299,-0.015221209819428623,11.63631,0.2693213725090027,23.67,21.36,0.8208030562719394,8448,90112,2883584
1.9616171,-0.014240228408016264,12.414248,0.271263403147459,24.06,21.7,0.802431113701221,8472,90368,2891776
1.9403143,-0.013879571841098368,11.868101,0.31955777361989024,23.63,21.97,0.7433805102951914,8496,90624,2899968
1.9870971,-0.014325078492984176,11.664337,0.3492478494346142,23.54,22.13,0.6957901583492898,8520,90880,2908160
1.9865427,-0.01385703173931688,11.898039,0.3818995700776577,23.9,23.25,0.744917444304934,8544,91136,2916352
1.9673318,-0.014370047496631741,12.130629,0.426709450930357,23.53,23.18,0.644939415419195,8568,91392,2924544
1.9468819,-0.01409220386762172,12.207152,0.40501753956079484,23.6,23.03,0.7256733824971917,8592,91648,2932736
1.997957,-0.013753211884759366,12.197759,0.3839125809073448,24.21,24.37,0.7209606512620054,8616,91904,2940928
2.00207,-0.013223346816375851,12.127851,0.40644472450017927,24.01,24.83,0.7529970915083515,8640,92160,2949120
1.9584985,-0.013928619711659849,12.043051,0.3964741362631321,23.66,25.01,0.7139037611959533,8664,92416,2957312
2.0088484,-0.013664521262980997,11.862525,0.4179825413227081,24.11,24.54,0.6941254454349302,8688,92672,2965504
2.036386,-0.014213633821345866,11.963209,0.42233517378568647,23.06,24.04,0.7875566746848887,8712,92928,2973696
1.9946057,-0.01554618555586785,11.888061,0.4450843983888626,22.3,22.52,0.6905053822536462,8736,93184,2981888
1.9529959,-0.015171404466964305,12.448833,0.5240569123625756,21.73,21.73,0.6829971222386375,8760,93440,2990080
1.9520625,-0.014986099512316286,12.45416,0.562141806781292,21.53,22.09,0.7397276316978026,8784,93696,2998272
1.961601,-0.014555016783997416,12.676125,0.5392512346804142,21.51,21.84,0.823537364849295,8808,93952,3006464
1.9638762,-0.014972862200811505,12.755705,0.49076891943812373,22.5,22.32,0.8238209312938103,8832,94208,3014656
1.9825634,-0.015539278881624341,12.188385,0.40961688235402105,22.61,22.76,0.7355718603566892,8856,94464,3022848
1.9688355,-0.01451886306051165,12.287775,0.34637635082006457,24.04,21.43,0.8109095079308046,8880,94720,3031040
1.935839,-0.01433820467442274,12.804469,0.4043085540831089,23.04,20.96,0.7404830880574328,8904,94976,3039232
1.9385865,-0.013491356656886637,12.535447,0.5144947998225688,22.1,21.01,0.695052429460121,8928,95232,3047424
1.9597926,-0.013406960701104254,12.471206,0.5062923212349415,22.61,20.51,0.8278118187244727,8952,95488,3055616
1.9352354,-0.014739797536749392,12.439352,0.5201315829157829,22.21,20.72,0.8120297874719463,8976,95744,3063808
1.9399397,-0.01757650792831555,12.813642,0.5064312288165093,22.23,22.65,0.8036323315298989,9000,96000,3072000
1.969615,-0.01650197262642905,13.15768,0.4789656761288643,22.83,22.52,0.6565586999967215,9024,96256,3080192
1.9239929,-0.016178695033304394,12.755276,0.5342793606221676,23.02,22.56,0.7227294844904688,9048,96512,3088384
1.9644085,-0.014771451936103403,12.457868,0.5276287168264389,21.95,22.98,0.788209433249207,9072,96768,3096576
1.9398687,-0.01548285196069628,13.22774,0.4958941635489464,21.72,22.6,0.8263722924825498,9096,97024,3104768
1.8919883,-0.015105104255490005,12.312858,0.5343322783708573,21.91,21.84,0.6136949330940773,9120,97280,3112960
1.9442478,-0.015339128212071956,12.853018,0.5125909259915352,21.42,20.9,0.722935050752374,9144,97536,3121152
1.9506462,-0.015757203162647785,12.74123,0.5070191022753715,22.43,21.48,0.8463429951933534,9168,97792,3129344
1.8844045,-0.016707746367901562,12.846168,0.4836954125761986,23.08,22.92,0.8179087641470681,9192,98048,3137536
1.859016,-0.01653027568012476,13.082275,0.41182398468256,23.79,23.29,0.786507987813756,9216,98304,3145728
1.913624,-0.017099738018587232,12.730519,0.369928762614727,24.42,22.59,0.8055215713162852,9240,98560,3153920
1.937743,-0.01752969909925014,13.019294,0.36081960320472717,25.37,22.62,0.7453700630239253,9264,98816,3162112
1.9147724,-0.014212377946823835,13.095498,0.4228402987122536,24.58,21.93,0.762269896452214,9288,99072,3170304
1.8713934,-0.01575680175796151,12.793856,0.42722427636384963,24.5,21.33,0.7563068007824278,9312,99328,3178496
1.9341054,-0.014219528408721089,12.8000345,0.46635758846998215,24.35,21.66,0.7299789750753003,9336,99584,3186688
1.9378538,-0.013576807701028884,12.575238,0.5418005365133286,23.16,21.81,0.6956297430461098,9360,99840,3194880
1.9702073,-0.015034902053885161,13.033292,0.5110626217722892,23.11,21.6,0.7765331522370096,9384,100096,3203072
1.8563626,-0.016133111347444357,12.520778,0.5275994169712067,23.28,20.74,0.7430231094956562,9408,100352,3211264
1.9333992,-0.01660001363605261,12.678173,0.46439166128635406,23.54,21.07,0.8343013810055783,9432,100608,3219456
1.893065,-0.017046602624468506,13.146334,0.41510878384113314,23.5,21.8,0.796006974044124,9456,100864,3227648
1.9258558,-0.016425492777489125,12.871891,0.4617887103557587,23.0,22.42,0.6850645322061675,9480,101120,3235840
1.9215034,-0.0170336285000667,12.675101,0.450541236102581,22.88,23.44,0.7857135069954087,9504,101376,3244032
1.9664273,-0.016808456308208406,12.556137,0.4836914719641209,22.86,24.74,0.7984860217399179,9528,101632,3252224
1.9502337,-0.017538175866939128,12.761213,0.46880932211875914,22.21,25.14,0.8541908303654273,9552,101888,3260416
1.901432,-0.017309899674728513,12.960397,0.4423370862007141,22.59,25.06,0.7179540035356042,9576,102144,3268608
1.9050212,-0.01668614262714982,12.840734,0.44384762942790984,23.27,24.3,0.7652120066510548,9600,102400,3276800
1.9414887,-0.016332925464957952,12.455008,0.4273240354657173,23.29,24.72,0.7607275221530199,9624,102656,3284992
1.8852828,-0.01638414145912975,13.318196,0.3971024389564991,24.45,24.08,0.8301613216889653,9648,102912,3293184
1.9316094,-0.017434080173261465,12.904342,0.3647616173326969,25.66,24.37,0.7631409417381442,9672,103168,3301376
1.9374725,-0.01634478326421231,13.235854,0.3050037217140198,26.08,24.32,0.8327806038854202,9696,103424,3309568
1.9345183,-0.016604861700907348,12.916783,0.3017252698540688,26.79,23.5,0.7947878966379771,9720,103680,3317760
1.8956199,-0.01572773321531713,12.701168,0.3573000697791576,26.02,22.58,0.7664721312101654,9744,103936,3325952
1.9741709,-0.015150175476446748,13.143928,0.4158502618968487,24.65,21.95,0.7095435300706459,9768,104192,3334144
1.9247991,-0.014735091640613974,12.303035,0.47114507645368575,24.07,21.79,0.7242218812018916,9792,104448,3342336
1.8871523,-0.013936467063613235,12.919715,0.5894853466749191,22.56,21.86,0.6021736006640026,9816,104704,3350528
1.9889219,-0.013974118942860514,12.987481,0.6047051393985748,22.04,21.98,0.7848249741284204,9840,104960,3358720
1.874272,-0.013993764927145094,12.766914,0.5815321537852287,22.35,22.51,0.7395721478060104,9864,105216,3366912
1.9053149,-0.013237174425739795,12.693528,0.691166087090969,21.73,23.19,0.5661689883830063,9888,105472,3375104
1.8810999,-0.014683847937267274,12.893304,0.6084009736776352,21.57,23.1,0.7598461851368501,9912,105728,3383296
1.8536063,-0.013938088498543949,13.316033,0.5840547704696655,22.65,23.32,0.7979773660092044,9936,105984,3391488
1.8628097,-0.014462154814973474,13.264883,0.5735810062289238,22.62,23.34,0.7654249250781578,9960,106240,3399680
1.8188877,-0.013946300852112473,13.029099,0.4734010884165764,23.12,23.47,0.7297498291650575,9984,106496,3407872
1.8763658,-0.015216769804246723,12.828127,0.511601784825325,23.05,22.8,0.7150411012918714,10008,106752,3416064
1.9336159,-0.016515273349359632,12.9283085,0.47111668914556504,23.43,22.34,0.7745925542613346,10032,107008,3424256
1.8768235,-0.016246961336582898,13.254466,0.4677512410283089,23.86,22.18,0.7562995092583309,10056,107264,3432448
1.8326045,-0.01653478916734457,12.861257,0.4367660577595234,24.06,22.84,0.8336383288450743,10080,107520,3440640
1.8107466,-0.014662230079993606,13.058675,0.4160520423948765,23.69,23.5,0.7613415904724757,10104,107776,3448832
1.8578982,-0.016005875021219255,12.860682,0.4165343116223812,24.05,24.49,0.8179433454275793,10128,108032,3457024
1.8491167,-0.01632603331934661,13.1238165,0.4057825903594494,23.5,24.29,0.8379444084650552,10152,108288,3465216
1.8669461,-0.015483123809099197,12.892034,0.4888902518153191,22.79,24.89,0.7175388363390263,10176,108544,3473408
1.8393447,-0.015248750201426447,12.9192705,0.4859557220339775,22.47,24.15,0.7596805264019165,10200,108800,3481600
1.8884704,-0.015718435312155634,13.001772,0.48722550958395006,23.21,23.07,0.7998585902161156,10224,109056,3489792
1.8891685,-0.013832930920179932,12.703668,0.5210749277472496,22.33,23.07,0.7427629169724241,10248,109312,3497984
1.8718323,-0.01413710115244612,12.637898,0.4733185914158821,22.61,23.43,0.789302824498612,10272,109568,3506176
1.9465483,-0.014648619007784873,12.900115,0.41029909163713457,24.01,23.58,0.8183140678711551,10296,109824,3514368
1.8636343,-0.014484064099378883,12.938461,0.4201015731692314,24.05,23.99,0.7558881463045044,10320,110080,3522560
1.8910747,-0.0152477623289451,12.753522,0.42738013416528703,23.92,24.26,0.7668673354248347,10344,110336,3530752
1.8463662,-0.016694441540166735,12.450282,0.4035506758093834,24.49,23.99,0.824459045555283,10368,110592,3538944
1.8370314,-0.016840586578473447,13.436664,0.434963239133358,23.77,23.5,0.7977223175314938,10392,110848,3547136
1.8624016,-0.016417360096238554,12.927787,0.4650265163183212,23.06,22.31,0.7551168740312708,10416,111104,3555328
1.8331895,-0.015207776040770114,12.558444,0.4485006129741669,22.87,23.0,0.7162679220328353,10440,111360,3563520
1.7616897,-0.01589849701616913,12.663272,0.4932596755027771,22.8,23.51,0.77092596931163,10464,111616,3571712
1.7633474,-0.015157559611834586,12.864988,0.49579239964485167,23.06,22.52,0.6937641130885879,10488,111872,3579904
1.8172067,-0.013953402894549072,13.294588,0.5237768879532814,23.15,23.03,0.7038104707248074,10512,112128,3588096
1.7875816,-0.015758685818873346,12.912855,0.5104898035526275,22.87,22.84,0.8236156935658301,10536,112384,3596288
1.9159503,-0.014410750167444348,12.910463,0.46072657495737074,23.02,22.31,0.7951771535863595,10560,112640,3604480
1.8877832,-0.014403989603742957,12.603168,0.45611946046352386,23.49,22.63,0.7662265664731382,10584,112896,3612672
1.8791747,-0.01510299756191671,12.654508,0.40295816481113433,23.44,22.39,0.7603864036736361,10608,113152,3620864
1.8812954,-0.01591676293872297,12.775111,0.35655031830072403,23.77,22.13,0.8300691728318592,10632,113408,3629056
1.8358519,-0.014580241567455233,12.534666,0.4026472595334053,23.78,22.53,0.7450947598837712,10656,113664,3637248
1.8414893,-0.013795902985148132,12.29902,0.4118443250656128,23.39,23.05,0.7271095725243608,10680,113920,3645440
1.8058208,-0.013508691871538758,12.545107,0.3947559079527855,23.05,23.08,0.8208962421503924,10704,114176,3653632
1.833047,-0.013831507191061973,12.044381,0.40885688781738283,22.9,22.84,0.7481032620208463,10728,114432,3661824
1.9164922,-0.012598609779961406,12.660516,0.4655942463874817,22.05,23.42,0.6596097661762435,10752,114688,3670016
1.8928117,-0.014854311775416136,12.136639,0.498659927546978,21.45,22.88,0.7249992361473655,10776,114944,3678208
1.9009011,-0.015805072705261408,12.09055,0.48086320772767066,21.04,21.65,0.8069040954461808,10800,115200,3686400
1.9373069,-0.014127114205621183,12.07781,0.4631886774301529,21.76,21.85,0.8111477518754435,10824,115456,3694592
1.9325656,-0.01506299426080659,12.302265,0.4684183683991432,21.14,21.38,0.6757559158075293,10848,115712,3702784
1.9033666,-0.014934929611627012,12.010148,0.42591703236103057,22.02,21.68,0.7574268930587214,10872,115968,3710976
1.9590063,-0.014177889504935592,12.068785,0.45128930509090426,22.67,21.37,0.7216039801021752,10896,116224,3719168
1.8580978,-0.014214886554982513,13.212209,0.49883122131228447,22.55,22.04,0.7719112984385632,10920,116480,3727360
1.9784029,-0.013570274985395371,12.613592,0.4362160214781761,22.16,21.73,0.7673240258026492,10944,116736,3735552
1.8642181,-0.013844618466682732,12.446787,0.453425814807415,22.35,22.92,0.681438910247871,10968,116992,3743744
1.9308388,-0.013424683818593621,12.526468,0.5036033400893212,21.79,22.42,0.7314735318148694,10992,117248,3751936
1.904625,-0.014126583486795425,12.873338,0.4834286293387413,22.23,21.94,0.705146756933016,11016,117504,3760128
1.8722141,-0.013378180433064699,12.942818,0.5276004922389984,21.6,21.07,0.7179054492265734,11040,117760,3768320
1.8624156,-0.011749574947170913,12.376789,0.5288493266701698,21.26,20.69,0.7326679580414418,11064,118016,3776512
1.9141505,-0.010887669969815762,12.129133,0.5135030376911164,21.84,20.06,0.7586926817228458,11088,118272,3784704
1.8927071,-0.01171773743117228,12.720189,0.6068293604254723,20.54,19.79,0.6576231035948996,11112,118528,3792896
1.8247137,-0.01178526683477685,12.5889435,0.6077154356241227,19.86,20.46,0.7274879386358681,11136,118784,3801088
1.8742049,-0.011407936208415776,12.66866,0.5397650691866874,21.38,20.73,0.781704525447063,11160,119040,3809280
1.9278262,-0.013349614390172064,12.621,0.5544510933756829,22.04,21.54,0.6516100426435225,11184,119296,3817472
1.9904183,-0.01276748680975288,12.23381,0.5217902833223342,22.0,21.79,0.5368530394278109,11208,119552,3825664
1.940067,-0.012063630861230195,12.729825,0.5331302535533905,22.78,21.92,0.7170186388565942,11232,119808,3833856
1.8751255,-0.011796151581220328,12.6520195,0.5648764595389366,22.45,22.36,0.7301133667790702,11256,120064,3842048
1.9480456,-0.012856304529123008,12.532006,0.48926262468099596,22.65,23.1,0.8695140825213522,11280,120320,3850240
1.9103931,-0.014190811500884592,13.257908,0.4498696231842041,22.86,23.26,0.7308695332530089,11304,120576,3858432
1.9140196,-0.013708083024248481,12.752817,0.42812476187944415,23.15,24.39,0.676486055207538,11328,120832,3866624
1.8874235,-0.01210352570284158,12.897912,0.3920758894085884,24.41,24.52,0.7888668218425252,11352,121088,3874816
1.9234079,-0.010345459012314677,12.989308,0.4111800579726696,24.38,23.52,0.7946410950795573,11376,121344,3883008
1.9075348,-0.01175260982476175,12.415555,0.3643970076739788,24.6,22.99,0.8300836750151958,11400,121600,3891200
1.8565413,-0.012761786291375756,13.128363,0.31292572632431986,24.68,23.61,0.7861601107317244,11424,121856,3899392
1.8103601,-0.013295748163945973,12.955227,0.3545599393546581,24.61,22.85,0.7644164937144018,11448,122112,3907584
1.8602924,-0.013105695531703532,13.234119,0.3760091270506382,24.36,22.9,0.6980791724706459,11472,122368,3915776
1.8439082,-0.012203827179037034,12.9889765,0.47039682179689407,23.27,23.83,0.7077265882605548,11496,122624,3923968
1.8170898,-0.010516633740626275,12.089639,0.5046807700395584,23.02,23.34,0.743194879923748,11520,122880,3932160
1.897219,-0.011178942285478116,12.721732,0.4575768558681011,24.09,23.16,0.7954886751149928,11544,123136,3940352
1.8746619,-0.01429381120018661,12.652035,0.4410197831690311,24.11,23.2,0.7550119826984834,11568,123392,3948544
1.8891512,-0.0125158422824461,12.038962,0.4514083783328533,23.59,23.8,0.6797914920898795,11592,123648,3956736
1.8561821,-0.01491472342167981,12.716974,0.4114747393131256,24.02,23.44,0.8027952797942673,11616,123904,3964928
1.9018081,-0.015492283181520178,12.48726,0.43835229575634005,23.76,23.61,0.7960812950448689,11640,124160,3973120
1.7562021,-0.015583138713845984,12.621517,0.42283020839095115,22.79,23.3,0.8462276593694464,11664,124416,3981312
1.8546485,-0.01688816897571087,12.690588,0.38495550975203513,22.58,23.3,0.6989018367534123,11688,124672,3989504
1.8689748,-0.017108989730477333,12.296823,0.38037069439888,23.94,23.66,0.8103254016894887,11712,124928,3997696
1.8557124,-0.015499582714401185,12.683751,0.38667656302452086,23.19,23.08,0.7860406571207427,11736,125184,4005888
1.910939,-0.013728832462802529,12.559546,0.41652342230081557,23.21,23.52,0.7831486538984788,11760,125440,4014080
1.9174298,-0.01431708112359047,12.440455,0.3793312826752663,23.83,23.61,0.8216094368384645,11784,125696,4022272
1.9229369,-0.014043562710285187,12.53226,0.37232554227113723,24.19,23.68,0.7667752004971873,11808,125952,4030464
1.8831089,-0.01504158321302384,12.374551,0.3413961558043957,24.68,23.11,0.7709570118100866,11832,126208,4038656
1.9915059,-0.01723694146145135,12.31967,0.3136734762787819,24.96,23.27,0.7979729051561615,11856,126464,4046848
1.9251896,-0.017649382636882364,12.645647,0.29214755043387414,25.32,23.21,0.803898938230048,11880,126720,4055040
1.9320539,-0.017631976390257476,12.130805,0.33565898314118386,24.46,22.72,0.6970484424133906,11904,126976,4063232
1.9727737,-0.01757175089791417,12.026627,0.3280912557244301,24.53,23.33,0.8176579289926735,11928,127232,4071424
1.9502983,-0.015867503196932375,12.087664,0.3396129409968853,23.39,21.77,0.7787120045617755,11952,127488,4079616
1.9706057,-0.013537925430573522,12.208787,0.3701905360817909,23.51,22.25,0.7331649926626412,11976,127744,4087808
2.0003593,-0.013250800534151494,11.741906,0.34137760430574415,22.59,22.08,0.7842752648975652,12000,128000,4096000
1.9488863,-0.013213944779708981,11.694971,0.33889146611094473,22.57,21.83,0.8193171531919026,12024,128256,4104192
1.9642835,-0.01321229388937354,11.898226,0.40585396125912665,21.78,21.85,0.6229359080733692,12048,128512,4112384
1.9719311,-0.013801601924933493,11.288805,0.45442399367690084,21.26,22.46,0.704687937797184,12072,128768,4120576
1.9541551,-0.01454574984498322,11.589324,0.4388776496052742,21.37,22.49,0.8070717924886661,12096,129024,4128768
1.9682093,-0.01591156837064773,11.748201,0.46519553020596505,21.81,22.79,0.6798963048919763,12120,129280,4136960
1.9303521,-0.015607305900193751,11.739603,0.40284364119172095,22.26,23.44,0.7621069739731905,12144,129536,4145152
1.9949048,-0.01680666302330792,12.008284,0.3249379450082779,23.52,23.74,0.8279265982750798,12168,129792,4153344
1.9708545,-0.01758929366245866,11.695793,0.36512581691145896,24.37,23.51,0.6109334921795704,12192,130048,4161536
1.9454414,-0.016681426451541484,12.111172,0.3822601054608822,23.18,23.8,0.6429155301710229,12216,130304,4169728
2.0425045,-0.01695653347764164,11.569191,0.36232187643647196,23.85,23.48,0.7804215081977909,12240,130560,4177920
2.0068214,-0.016686933604069053,11.614407,0.3878006975352764,23.15,21.6,0.7030750923857252,12264,130816,4186112
2.0135734,-0.016745043746195735,11.581115,0.329738567173481,23.18,21.97,0.8205267266588243,12288,131072,4194304
2.0142195,-0.01803555228281766,11.393107,0.3283089557290077,22.75,22.09,0.697925802643845,12312,131328,4202496
2.0056288,-0.019334022984839976,11.6175785,0.3287211993336678,23.11,22.03,0.7572752384129655,12336,131584,4210688
2.0286314,-0.018423492657020688,11.123242,0.3467674735188484,22.91,23.08,0.7270617263265857,12360,131840,4218880
2.0375173,-0.017592643690295517,11.476707,0.38304607689380643,22.95,23.31,0.6842250118148113,12384,132096,4227072
2.0453696,-0.01597581076901406,12.148492,0.39826743394136427,22.13,22.96,0.6706411044121474,12408,132352,4235264
1.9673647,-0.014379565552808345,12.139752,0.4295997329056263,23.19,23.85,0.639716067971836,12432,132608,4243456
1.961422,-0.014194323113188148,12.236978,0.4344971379637718,22.87,23.0,0.7293039733418044,12456,132864,4251648
1.8838818,-0.014910263242200017,11.817685,0.4392043045163155,22.99,22.98,0.7838725117574089,12480,133120,4259840
2.0182729,-0.01559398134239018,11.737465,0.42909991860389707,23.03,22.36,0.6667660993371709,12504,133376,4268032
1.9983561,-0.015168774803169072,11.980143,0.41270268097519874,23.92,22.49,0.7012428075888741,12528,133632,4276224
2.013526,-0.014263395103625953,11.844213,0.46071405574679375,22.54,21.17,0.5767434679842829,12552,133888,4284416
1.9893787,-0.012901368327438831,11.761107,0.46624851658940314,22.48,20.83,0.7009445900068858,12576,134144,4292608
1.9867573,-0.011646437305025757,11.643915,0.5321121247112751,21.36,21.81,0.6666571908383325,12600,134400,4300800
1.9342399,-0.012233314313925802,12.31824,0.5650399108231068,20.57,21.99,0.6524001500973893,12624,134656,4308992
1.9716413,-0.012618892546743154,11.983414,0.49672330766916273,20.73,21.98,0.7636173516072093,12648,134912,4317184
1.9340026,-0.011352963377721608,11.921488,0.49641200810670855,21.5,22.8,0.6900604949131887,12672,135168,4325376
1.9515524,-0.011961312503553928,11.99957,0.4403337740898132,22.05,22.36,0.7530838112574514,12696,135424,4333568
1.9779209,-0.010012745149433613,11.610847,0.4332318204641342,22.15,22.12,0.6564676948004519,12720,135680,4341760
1.9726148,-0.011620615618303418,11.900582,0.4038946805894375,23.49,21.81,0.7639388622185699,12744,135936,4349952
2.008519,-0.011732066357508302,11.890772,0.3661282828450203,23.99,21.31,0.7458645634778198,12768,136192,4358144
1.9323847,-0.01307326671667397,12.359701,0.34879171937704084,24.13,22.13,0.7298316240803775,12792,136448,4366336
1.9357939,-0.013917353046126664,11.959846,0.3002230912446976,24.93,22.09,0.7666161131136484,12816,136704,4374528
1.924225,-0.012794796009548009,12.246742,0.33081885635852815,25.44,22.59,0.7216272196398548,12840,136960,4382720
2.0239575,-0.015015962300822139,11.919636,0.32141402959823606,24.87,23.22,0.7979266773629943,12864,137216,4390912
1.9945112,-0.01564342207275331,12.201961,0.27686339870095256,25.47,25.07,0.8636558069617142,12888,137472,4399104
2.0262566,-0.015536229871213437,11.933814,0.3312632359564304,25.18,24.67,0.6612613978560438,12912,137728,4407296
2.0343137,-0.01582608929136768,11.719928,0.33927383050322535,24.21,24.32,0.7335541196202335,12936,137984,4415488
1.9314177,-0.01573639745125547,11.884438,0.40412625432014465,23.84,23.32,0.7615466927925703,12960,138240,4423680
2.0036628,-0.0147475377866067,11.165814,0.4601657211780548,22.86,22.26,0.6763237518839538,12984,138496,4431872
2.0230455,-0.013401952965650707,11.688535,0.43103010892868043,21.61,21.05,0.725530198098256,13008,138752,4440064
1.9985,-0.014929009187035262,11.032391,0.41038289695978164,21.75,21.67,0.7995968037315405,13032,139008,4448256
1.9877093,-0.014462411710992456,11.270118,0.3562278218567371,22.04,22.67,0.7770850961363954,13056,139264,4456448
2.021208,-0.016093569258227945,11.606166,0.3248322856426239,22.73,23.66,0.8090698746061448,13080,139520,4464640
1.9755902,-0.01736983436625451,11.568077,0.3123218110203743,23.49,24.59,0.7474239886889678,13104,139776,4472832
1.9396607,-0.01795497933868319,11.622188,0.3031912417709827,24.08,24.83,0.7141118644761049,13128,140032,4481024
1.98454,-0.016406725787092,11.474878,0.2867192304134369,24.33,24.86,0.7354662536551287,13152,140288,4489216
1.9884622,-0.015491495712194592,11.47962,0.31876009091734886,23.42,24.69,0.7635226793953868,13176,140544,4497408
2.0088756,-0.013265825228299945,11.719467,0.3292366650700569,24.1,23.55,0.6755336127846079,13200,140800,4505600
1.9529939,-0.012040451357606799,11.352527,0.37360293462872507,22.96,23.2,0.6434416200579622,13224,141056,4513792
1.9321083,-0.012470542979426682,11.444252,0.5010887761414051,21.39,22.37,0.6220160863985675,13248,141312,4521984
2.00536,-0.013161985850892961,11.216927,0.4947415278851986,22.25,21.45,0.7098450562598653,13272,141568,4530176
1.9500985,-0.016065790383145213,11.276982,0.4397861470282078,23.38,20.82,0.821531102680771,13296,141824,4538368
1.9257756,-0.015864969296380878,11.460462,0.4766578511893749,22.51,21.02,0.5430601652652244,13320,142080,4546560
2.0094159,-0.016844829167239367,11.2627535,0.3614592465758324,23.05,21.65,0.7691677646401046,13344,142336,4554752
1.953166,-0.015379396881908178,11.501122,0.3723178485035896,23.55,21.33,0.5823364716185664,13368,142592,4562944
1.9154731,-0.01474207510240376,11.191753,0.40357010930776593,22.9,22.3,0.7403553135215143,13392,142848,4571136
1.99479,-0.014388872017152608,11.181663,0.4081239303946495,21.5,23.72,0.6634412677008135,13416,143104,4579328
1.9928985,-0.01478409396018833,11.587415,0.4376809413731098,22.21,23.07,0.7243115072200776,13440,143360,4587520
2.0112884,-0.014747633235529065,12.109877,0.4601655907928944,22.02,23.23,0.6570439611953094,13464,143616,4595712
1.9864565,-0.015329857021570206,11.689255,0.49121919363737104,21.61,23.31,0.683987930870267,13488,143872,4603904
1.9962302,-0.01480446509551257,11.809466,0.4719015210866928,22.37,22.61,0.677663346491516,13512,144128,4612096
1.8469815,-0.012622559801675379,11.816783,0.46578634291887283,22.34,22.48,0.7134829412567335,13536,144384,4620288
1.9158386,-0.011318236021324993,12.324543,0.4841543364524841,22.81,22.86,0.6993224766946047,13560,144640,4628480
1.9160991,-0.010897246925160288,11.893879,0.4686751839518547,22.9,22.97,0.7674529555083575,13584,144896,4636672
1.9763827,-0.012576562683098019,12.099312,0.427666679918766,23.61,24.15,0.7983218551815887,13608,145152,4644864
1.910499,-0.016023171795532108,12.266783,0.3955833797156811,23.87,24.99,0.7504245971251087,13632,145408,4653056
1.9549907,-0.015670469370670615,12.143245,0.3567685963213444,24.87,24.43,0.7698868640121778,13656,145664,4661248
1.978655,-0.016240528696216644,11.94534,0.3849558778107166,24.28,24.3,0.7064469799042432,13680,145920,4669440
2.0242782,-0.015743445914704352,12.156383,0.3850741133093834,24.18,23.63,0.7822483691874135,13704,146176,4677632
2.0216606,-0.01532950033666566,12.174385,0.41176961481571195,23.8,22.92,0.6999261657193301,13728,146432,4685824
1.9838625,-0.015425615434069187,12.058605,0.3772411677241325,23.58,22.48,0.844047969322817,13752,146688,4694016
1.9962666,-0.016437827821355312,12.350112,0.3719437448680401,23.18,23.11,0.7164744672103036,13776,146944,4702208
2.0270696,-0.01675881443778053,12.258142,0.395207691937685,23.33,23.75,0.7174901607734294,13800,147200,4710400
1.9759248,-0.017373548513278367,12.185897,0.3610639415681362,23.47,22.9,0.793435304799736,13824,147456,4718592
2.0486238,-0.016321692145429553,11.78217,0.4162585727870464,23.55,24.1,0.7130133218575121,13848,147712,4726784
1.9742212,-0.016104561206884683,11.759119,0.3795057585835457,22.96,24.58,0.7962790875983775,13872,147968,4734976
1.9723895,-0.015475070360116661,12.435182,0.35563342332839964,23.38,25.09,0.7828880528611133,13896,148224,4743168
1.969288,-0.015883771737571807,11.917002,0.35662125557661056,23.72,25.21,0.7925004728851885,13920,148480,4751360
2.038908,-0.014590181538369506,12.126949,0.309090333878994,24.64,26.17,0.8036646100723808,13944,148736,4759552
1.9729526,-0.01616853038081899,12.103026,0.3272269356250763,24.7,26.31,0.7937970826878921,13968,148992,4767744
2.005877,-0.01727202530251816,11.812431,0.303536891490221,25.36,25.16,0.8133627436500619,13992,149248,4775936
2.034014,-0.01542934825643897,12.058479,0.29868165761232374,25.71,24.03,0.7521507465240853,14016,149504,4784128
1.9899688,-0.015906171170063318,11.943596,0.2914302983880043,26.01,24.41,0.7797399220342982,14040,149760,4792320
2.0010607,-0.01612073486670852,12.333037,0.33332979753613473,24.14,22.63,0.7314854965560849,14064,150016,4800512
1.9317049,-0.015377280972898007,12.252912,0.3606780141592026,23.77,21.84,0.7608292757412837,14088,150272,4808704
1.9398994,-0.015417626216076315,12.11698,0.4120960216224194,23.52,21.94,0.7542966370804738,14112,150528,4816896
2.0058246,-0.016235619341023265,12.328969,0.4393835988640785,22.69,22.94,0.8107781872282674,14136,150784,4825088
1.9805229,-0.015499945445917547,12.842273,0.4271824359893799,22.56,23.18,0.7916523338865831,14160,151040,4833280
1.8172554,-0.01520550356246531,13.312737,0.4176344045996666,23.25,23.82,0.750001811927908,14184,151296,4841472
1.9490386,-0.014925908874720334,12.750074,0.42107465893030166,23.38,23.4,0.7933642505887754,14208,151552,4849664
1.9094473,-0.015295023522339761,12.561572,0.3919310912489891,24.05,23.39,0.856641252627478,14232,151808,4857856
1.9254597,-0.016211378360167145,12.440316,0.35026456087827684,24.84,23.61,0.8314578358736269,14256,152064,4866048
1.8783184,-0.013496134611777962,12.706937,0.4071258544921875,24.45,22.8,0.6644394084173202,14280,152320,4874240
1.8527452,-0.015049855802208184,12.357571,0.3366893981397152,25.81,22.15,0.8475810581089103,14304,152576,4882432
1.9320784,-0.013566631618887185,12.143071,0.37009369626641275,25.8,22.9,0.7348316795420315,14328,152832,4890624
1.9899807,-0.01290802113711834,12.03466,0.38836468383669853,25.61,22.51,0.7589038494852568,14352,153088,4898816
1.9347825,-0.0165900066960603,12.081343,0.3564173372089863,24.24,22.43,0.7474680590043898,14376,153344,4907008
1.9869056,-0.017232670076191427,12.427219,0.47228356763720514,22.43,22.88,0.7350714967271905,14400,153600,4915200
1.9269719,-0.0178245848743245,12.299955,0.44617160320281984,21.68,22.77,0.8284351078009896,14424,153856,4923392
1.931553,-0.018405146417208015,12.385871,0.42444918766617773,22.02,22.92,0.8188024944914734,14448,154112,4931584
1.9556482,-0.0193719444796443,11.556963,0.4337614803016186,21.87,22.72,0.7588416227092927,14472,154368,4939776
1.8970256,-0.01689214105717838,12.847826,0.3529328389465809,22.41,22.91,0.7960796235550112,14496,154624,4947968
1.978439,-0.01699846128001809,12.463819,0.4088201317191124,23.92,23.52,0.7946448820590956,14520,154880,4956160
1.965454,-0.015822178055532276,11.67833,0.4142793343961239,23.82,23.02,0.8311884716882897,14544,155136,4964352
1.9492425,-0.015989712851587682,12.614063,0.38137609854340554,23.62,24.29,0.8739316227176019,14568,155392,4972544
1.8986361,-0.016268558215815573,12.412823,0.434695907086134,23.92,24.49,0.7466468909550144,14592,155648,4980736
1.9015294,-0.017352531447540967,12.2681675,0.3887829191982746,23.54,24.36,0.7303960244992135,14616,155904,4988928
1.9426776,-0.018703625767957418,12.393294,0.36605228543281554,24.25,24.44,0.8418871252610075,14640,156160,4997120
