average_entropy,average_policy_loss,average_value,average_value_loss,eplenmean,eprewmean,eval_eplenmean,eval_eprewmean,explained_variance,fps,n_updates,num_ppo_update,steps,total_steps
2.7080498,-0.0006109237050016721,-0.053860474,0.32947659989198047,74.21111111111111,-2.1666667,78.40243902439025,-2.987805,0.0002210380892141428,866,24,1.0,256,8192
2.7076406,-0.0005385338445194066,-0.18898395,0.2463719161848227,85.73,-2.8,83.88,-2.36,0.0034244235768535747,877,48,2.0,512,16384
2.7045705,-0.0006209834310640064,-0.31553966,0.22197249283393225,80.72,-2.08,80.98,-2.8,0.017499254486342486,886,72,3.0,768,24576
2.7057571,-0.0008927394277028119,-0.3712321,0.19781898513125876,81.77,-2.2,83.26,-2.89,0.054034262878806416,885,96,4.0,1024,32768
2.6996274,-0.0015906778443604708,-0.36573634,0.1571298874169588,86.11,-2.25,80.1,-1.96,0.19677876858115895,885,120,5.0,1280,40960
2.6903102,-0.0017120640398934483,-0.37410346,0.144291997179389,80.32,-2.24,83.44,-2.7,0.23118627787872947,886,144,6.0,1536,49152
2.6731563,-0.0026380887813866136,-0.44865835,0.1328527906537056,84.06,-2.39,83.22,-2.86,0.2689224718038207,884,168,7.0,1792,57344
2.67785,-0.0026113327220082284,-0.45947605,0.13266866005957126,87.3,-2.53,75.78,-2.39,0.34892029179232587,884,192,8.0,2048,65536
2.672624,-0.004935090751387179,-0.34899822,0.12323159895837307,87.12,-1.91,78.6,-1.64,0.43595053163325637,883,216,9.0,2304,73728
2.6663418,-0.006473264852538705,-0.35239902,0.11363223828375339,82.29,-1.48,82.76,-2.09,0.4280038083112323,876,240,10.0,2560,81920
2.6638155,-0.007051086663268507,-0.3641305,0.11209804579615593,84.28,-2.27,76.69,-1.73,0.4001490918657207,882,264,11.0,2816,90112
2.6627226,-0.00824091248679906,-0.37265816,0.10275448761880397,83.16,-1.79,84.53,-1.36,0.45621639565817995,884,288,12.0,3072,98304
2.6561437,-0.010150307579897344,-0.3278154,0.1027204842865467,80.49,-1.57,84.04,-2.31,0.44845834277617647,883,312,13.0,3328,106496
2.6508934,-0.010887943333946168,-0.36758056,0.10164569310843945,79.75,-1.69,84.22,-1.29,0.45517095697568344,881,336,14.0,3584,114688
2.6364048,-0.012853032713755964,-0.28361768,0.09676157496869564,83.32,-1.53,79.59,-1.73,0.4859298646909169,882,360,15.0,3840,122880
2.621965,-0.013273115842603147,-0.3015139,0.09696175158023834,80.6,-1.48,77.66,-1.42,0.4638242843594286,884,384,16.0,4096,131072
2.6256218,-0.0152894356707111,-0.2193771,0.09008504800498486,82.76,-0.84,82.32,-1.34,0.4009511277634249,874,408,17.0,4352,139264
2.628567,-0.015452367239631712,-0.21473327,0.0849070506542921,81.91,-0.77,81.01,-1.31,0.46716262276266396,885,432,18.0,4608,147456
2.6083844,-0.016335135716944935,-0.19948858,0.08298865422606468,78.34,-0.55,78.23,-1.2,0.41466718832954796,884,456,19.0,4864,155648
2.595867,-0.0177979634096846,-0.28045514,0.08249772429466247,83.37,-1.0,84.43,-0.91,0.4300675761711703,884,480,20.0,5120,163840
2.6030574,-0.017877588509581984,-0.111163184,0.08356788955628872,78.96,-1.29,78.4,-1.08,0.4754725764651535,883,504,21.0,5376,172032
2.5790913,-0.019253405923955143,-0.23340183,0.08036522775888442,87.58,-0.16,82.08,-0.97,0.5132025981058359,885,528,22.0,5632,180224
2.5483062,-0.0207399111520499,-0.28872707,0.07464938387274742,80.85,-0.45,79.16,-0.52,0.4820528333631239,885,552,23.0,5888,188416
2.5871542,-0.020468202400952578,-0.1311362,0.07150334239006043,83.99,-0.93,87.0,-0.42,0.3972946939599764,875,576,24.0,6144,196608
2.5559585,-0.02209385930094868,-0.12643489,0.06703894183039666,78.67,-0.62,82.08,-0.56,0.5049066124531073,885,600,25.0,6400,204800
2.5464272,-0.022754086225759237,-0.2617659,0.06814230889081956,82.68,-0.64,82.62,-0.13,0.4833583203180204,883,624,26.0,6656,212992
2.5348837,-0.02284339553909376,-0.26047185,0.07519121769815683,87.82,-0.46,84.96,-0.81,0.3994556634654288,885,648,27.0,6912,221184
2.5353584,-0.02225639914628118,-0.19595426,0.07523970525711775,78.97,-0.24,83.81,-1.11,0.4205193687750963,885,672,28.0,7168,229376
2.5133202,-0.02260465357452631,-0.11768488,0.07681608889251948,83.48,-0.79,76.87,-0.76,0.5071144768486696,883,696,29.0,7424,237568
2.5026562,-0.02320398120675236,-0.006919089,0.07537826903164387,82.01,-0.28,83.6,-0.41,0.5183256729765595,884,720,30.0,7680,245760
2.5334318,-0.02465467031346634,-0.04122905,0.06872924633324146,79.16,-0.02,77.21,-0.42,0.46964733709582773,884,744,31.0,7936,253952
2.4661036,-0.02369427280500531,-0.024729198,0.06636533308774233,81.77,-0.2,87.43,-0.33,0.35751383537046755,876,768,32.0,8192,262144
2.5031953,-0.025403057406656444,0.10872653,0.06049489479511976,83.72,0.24,86.43,-0.11,0.5088247030353525,884,792,33.0,8448,270336
2.5166826,-0.025178184928372503,0.17837237,0.06232855100184679,88.45,0.17,90.55,0.5,0.4306795237761254,884,816,34.0,8704,278528
2.4562483,-0.025480467283632607,0.07400967,0.05974979296326637,89.98,0.57,87.3,0.3,0.4224688608837126,880,840,35.0,8960,286720
2.4706907,-0.025600125535856933,0.08141539,0.06208731502294541,80.71,0.25,83.74,0.57,0.32495464078623426,884,864,36.0,9216,294912
2.4629898,-0.025911831574048846,0.032271083,0.062472200840711596,87.16,0.53,84.22,0.51,0.5040953743858239,884,888,37.0,9472,303104
2.4374218,-0.02579618460731581,0.15261678,0.0592615245655179,84.33,0.82,80.79,0.27,0.47054754488253003,883,912,38.0,9728,311296
2.4529767,-0.025974179743789138,0.11600128,0.06000926751643419,82.36,0.43,81.2,0.21,0.4692985270511152,872,936,39.0,9984,319488
2.4468696,-0.025390090746805073,0.11132576,0.06244936306029558,88.99,0.53,81.48,1.06,0.38406279810117616,881,960,40.0,10240,327680
2.4505582,-0.02481122123077512,0.27009344,0.06062040001153946,88.13,0.81,88.39,1.3,0.5464084046012037,882,984,41.0,10496,335872
2.3753564,-0.02602122479118407,0.2955819,0.05904470831155777,90.12,1.24,89.49,0.94,0.5980626474241417,870,1008,42.0,10752,344064
2.3579247,-0.028124261293560267,0.4603205,0.05665960270911455,92.8,1.01,84.46,0.95,0.6063532333906159,877,1032,43.0,11008,352256
2.3469727,-0.02945244751404971,0.4144025,0.05177438195794821,88.0,1.08,89.92,1.07,0.605413246643386,871,1056,44.0,11264,360448
2.329034,-0.028344280417077244,0.53423107,0.055607827082276344,93.18,1.03,85.66,0.58,0.5720992730747068,867,1080,45.0,11520,368640
2.317854,-0.029201756143011154,0.5031999,0.05574304234236479,99.28,1.03,91.9,1.04,0.6258586782056003,868,1104,46.0,11776,376832
2.2895546,-0.027790623609907927,0.49479935,0.05622791457921267,97.4,1.27,93.97,1.4,0.5686850057880984,879,1128,47.0,12032,385024
2.3457198,-0.027614715066738425,0.4832079,0.055502011105418206,96.0,1.48,96.9,1.26,0.6028831307483663,877,1152,48.0,12288,393216
2.3107708,-0.029021015078760683,0.5410374,0.04999028582125902,86.9,1.31,97.11,0.57,0.5685282045895028,877,1176,49.0,12544,401408
2.3275146,-0.029013797719962896,0.42438525,0.04739967916160822,87.54,1.16,99.53,0.61,0.6020231889751704,878,1200,50.0,12800,409600
2.3424706,-0.02869881972204894,0.47367457,0.04733737047761679,98.97,1.37,90.8,1.37,0.5270607240885461,878,1224,51.0,13056,417792
2.347606,-0.029718118784949184,0.3526193,0.049341923855245114,94.6,1.33,94.78,1.07,0.5384829064529263,877,1248,52.0,13312,425984
2.302794,-0.02966211854945868,0.42218402,0.04948509208858013,93.72,1.37,97.65,1.33,0.5974006158509577,880,1272,53.0,13568,434176
2.257503,-0.029929905189201234,0.56984985,0.051729746758937836,87.01,1.45,91.2,1.27,0.645571330009625,879,1296,54.0,13824,442368
2.2739825,-0.030729507408104838,0.555895,0.05724464010447264,95.66,1.12,100.31,1.11,0.611655058927407,872,1320,55.0,14080,450560
2.3189926,-0.029748717676848172,0.6054119,0.06205555882304907,104.92,1.4,99.92,1.36,0.5419336127997002,879,1344,56.0,14336,458752
2.2680197,-0.029182819919660687,0.6297306,0.06425463166087866,102.72,1.81,89.84,0.97,0.6595751017652614,880,1368,57.0,14592,466944
2.280106,-0.029230276136659086,0.70729774,0.07783139035105706,110.72,1.57,98.68,1.28,0.5366404588262819,873,1392,58.0,14848,475136
2.2701554,-0.02825152930803597,0.63138044,0.07356359489262104,108.44,1.62,108.22,1.55,0.7403734772431544,875,1416,59.0,15104,483328
2.2489283,-0.030071884519420566,0.79790264,0.07286843340843915,107.18,1.91,109.76,1.48,0.7139102076401196,878,1440,60.0,15360,491520
2.254818,-0.029587747366167604,0.6793486,0.09135872900485992,112.91,2.27,114.28,1.74,0.5172646833845439,878,1464,61.0,15616,499712
2.2877486,-0.029977953848429023,0.6859352,0.07946559783071279,113.36,2.09,113.44,1.94,0.6557479997147295,869,1488,62.0,15872,507904
2.275492,-0.030523043894208967,0.7244061,0.08181101217865944,120.26,2.4,112.25,1.81,0.6235511673305769,876,1512,63.0,16128,516096
2.2194417,-0.029974314915016294,0.7078751,0.1005077776685357,135.7,2.46,121.42,1.82,0.4897138206427394,879,1536,64.0,16384,524288
2.1616914,-0.027357850619591773,0.867963,0.09800670318305492,117.1,2.32,125.21,2.61,0.5747076770305387,878,1560,65.0,16640,532480
2.1546159,-0.026653235428966582,0.7805595,0.10153818275779486,132.56,2.59,135.91,3.49,0.607466461929872,879,1584,66.0,16896,540672
2.2457802,-0.027376743550412357,0.61367685,0.09780619028955698,136.23,2.56,138.07,2.85,0.6964219698345144,879,1608,67.0,17152,548864
2.2109187,-0.02795557092409581,0.6907432,0.08071639396250248,135.47,2.85,129.4,2.32,0.6671621208637346,881,1632,68.0,17408,557056
2.18212,-0.028247465221211313,0.6663004,0.08759024277329445,131.36,3.13,139.71,2.53,0.536772382552045,873,1656,69.0,17664,565248
2.216911,-0.027916587768122555,0.85986286,0.09090075932443142,138.56,3.31,134.85,2.77,0.633404871689637,880,1680,70.0,17920,573440
2.1778905,-0.02547599082812667,0.75267804,0.10682961516082287,159.89,3.5,135.3,2.68,0.5318792862370492,878,1704,71.0,18176,581632
2.1613564,-0.02500410484150052,1.065921,0.10986520044505596,159.56,3.45,136.64,3.32,0.6932093226772762,881,1728,72.0,18432,589824
2.1426337,-0.025997345969080925,0.96341234,0.10779961191117764,136.47,2.86,150.91,4.01,0.583136081316598,878,1752,73.0,18688,598016
2.168129,-0.029069278084207326,1.0143973,0.09873605836182833,151.16,3.34,160.63,4.35,0.7501817934581583,880,1776,74.0,18944,606208
2.174065,-0.029172127714846282,0.96667886,0.10324599247425795,156.98,4.01,152.53,3.98,0.5733532998170793,881,1800,75.0,19200,614400
2.1109915,-0.02734425399219617,1.0307479,0.12125494983047247,163.96,4.26,153.77,4.33,0.5886529878616212,883,1824,76.0,19456,622592
2.1445587,-0.024621513907331975,1.2290447,0.1257610112801194,171.95,4.32,147.77,4.23,0.6520367488482065,871,1848,77.0,19712,630784
2.1376128,-0.026017780140973626,1.0075638,0.13323068760335446,173.99,4.5,179.23,4.62,0.6313961084851918,879,1872,78.0,19968,638976
2.162894,-0.023786742892116308,1.4024192,0.15272703155875206,175.96,4.58,181.31,4.11,0.5669039336691586,877,1896,79.0,20224,647168
2.153216,-0.02476416127756238,1.274272,0.14630186587572097,183.21,4.83,166.9,3.78,0.613067763795295,882,1920,80.0,20480,655360
2.1897032,-0.025124055072665213,1.3708576,0.16518773257732391,195.42,5.67,182.61,4.68,0.6020906653421789,873,1944,81.0,20736,663552
2.2125964,-0.024748258981853722,1.4049745,0.1740288569778204,185.54,5.67,175.21,4.41,0.6798241783483173,865,1968,82.0,20992,671744
2.1674027,-0.023920441581867635,1.5103594,0.1759522759914398,185.72,5.49,176.68,5.16,0.6777869393146223,871,1992,83.0,21248,679936
2.1975644,-0.022901414395309985,1.6440847,0.18781218938529493,207.15,5.57,182.28,5.52,0.7392972242373743,863,2016,84.0,21504,688128
2.1345685,-0.025368505832739176,1.7620451,0.17924645215272902,226.7,7.05,198.67,6.13,0.7821293547207753,869,2040,85.0,21760,696320
2.1414359,-0.02422234338708222,1.9888215,0.18700654491782187,245.55,7.66,203.52,6.53,0.739752878024826,876,2064,86.0,22016,704512
2.1467404,-0.024120768695138396,1.7332205,0.18619596138596534,242.57,7.48,209.52,6.55,0.6892203140826958,878,2088,87.0,22272,712704
2.1627378,-0.024873144803568722,1.7936896,0.19099227458238602,228.39,7.13,225.16,7.2,0.7949994202248185,876,2112,88.0,22528,720896
2.0913458,-0.02314951383974403,2.2254248,0.203024286031723,227.83,6.96,239.22,7.31,0.7976020126336976,880,2136,89.0,22784,729088
2.1027067,-0.02410207100212574,2.1491518,0.21528104171156884,230.93,8.08,245.51,7.62,0.7790607048246241,880,2160,90.0,23040,737280
2.0902522,-0.023273066612891854,2.1208873,0.22696010500192643,248.09,8.85,246.4,7.19,0.8028538259640383,870,2184,91.0,23296,745472
2.099464,-0.021543781864456834,2.415288,0.22937511444091796,240.49,8.68,246.07,7.68,0.8146360413826139,878,2208,92.0,23552,753664
2.1616397,-0.020994932278990745,2.188905,0.2285410039126873,246.3,8.99,260.58,9.24,0.8193981308038513,880,2232,93.0,23808,761856
2.0215735,-0.02119307601824403,2.892211,0.24196514502167701,249.04,9.56,252.1,9.58,0.8275663500163889,878,2256,94.0,24064,770048
1.9945898,-0.020807832861319184,2.7437458,0.2653467434644699,265.67,10.28,243.19,9.35,0.6798751190439486,880,2280,95.0,24320,778240
2.1219676,-0.021437468924559652,2.471041,0.2821193194389343,258.81,9.79,237.14,8.44,0.7993486316632725,879,2304,96.0,24576,786432
2.0524614,-0.022235405379906297,3.1317837,0.29831265926361084,257.76,9.81,255.84,9.62,0.8278402604777332,882,2328,97.0,24832,794624
1.9994588,-0.019331803135573863,3.28625,0.3123720595240593,244.75,9.87,267.87,9.86,0.8611153274790452,884,2352,98.0,25088,802816
2.0116725,-0.020766268149018288,3.4540942,0.3214240425825119,244.93,9.34,279.06,10.99,0.732275247971351,883,2376,99.0,25344,811008
2.0120091,-0.01967599623836577,3.7257779,0.33683327108621597,240.55,9.95,286.21,11.17,0.8269942564939299,870,2400,100.0,25600,819200
2.0892982,-0.022220330839045347,3.1291661,0.3397057421505451,243.07,8.56,289.57,11.25,0.7498579167743289,883,2424,101.0,25856,827392
2.055408,-0.023072164230979977,3.5109985,0.34689060240983965,254.72,9.34,279.83,10.41,0.8066317337822693,869,2448,102.0,26112,835584
1.9951338,-0.024297811100259425,3.7798443,0.3423541058599949,261.07,9.79,278.21,10.84,0.8312013570985836,864,2472,103.0,26368,843776
1.9889452,-0.024924605460837482,3.7874732,0.3284797365963459,273.0,10.91,269.23,10.23,0.8485405943151,869,2496,104.0,26624,851968
1.8322679,-0.022879038732498885,4.4060984,0.35673981830477713,296.6,12.64,290.46,10.97,0.7831803493884025,866,2520,105.0,26880,860160
1.9141419,-0.023082428742200137,4.6543293,0.35570196598768233,311.52,13.43,278.11,9.97,0.8036639327068479,861,2544,106.0,27136,868352
1.9382818,-0.020807179166004063,3.8079305,0.3640480962395668,328.06,14.94,287.28,10.94,0.8463907824133772,859,2568,107.0,27392,876544
1.9440703,-0.02180009018164128,3.872102,0.37131354480981826,309.91,13.1,291.59,11.62,0.8391068859795143,871,2592,108.0,27648,884736
2.0532105,-0.02169413574039936,3.484147,0.35473282366991044,315.14,13.87,294.6,12.26,0.816696472644262,876,2616,109.0,27904,892928
2.036772,-0.02233684512320906,3.7716644,0.336115286052227,292.85,12.32,293.95,13.33,0.8303475034582253,872,2640,110.0,28160,901120
1.9840854,-0.023296706317923962,4.4081445,0.32648568898439406,303.64,12.78,289.43,13.11,0.8404973329922838,873,2664,111.0,28416,909312
2.0252616,-0.025082040326669813,4.1010165,0.31174731090664864,298.72,13.12,279.97,12.36,0.8276903610676972,881,2688,112.0,28672,917504
2.039954,-0.026125369775108993,4.090042,0.30554042860865593,294.48,12.95,288.99,12.54,0.8455945380117971,881,2712,113.0,28928,925696
2.0301726,-0.02474581983406097,4.2481766,0.31133256286382677,287.29,12.21,312.5,13.39,0.842829991475631,872,2736,114.0,29184,933888
2.0107377,-0.022114187898114323,4.4185705,0.3241014708578587,298.55,12.48,288.99,12.31,0.8081792590708369,879,2760,115.0,29440,942080
2.0530078,-0.021724043930880725,4.345905,0.32902843952178956,304.21,13.48,286.04,12.69,0.8365527852769792,882,2784,116.0,29696,950272
2.0705864,-0.020362522890791296,4.3823276,0.33222245901823044,313.4,14.59,272.2,11.91,0.856763781308114,881,2808,117.0,29952,958464
2.0520673,-0.021467849747277796,4.493216,0.3233145347237587,321.0,15.65,279.5,12.43,0.8628049140319748,884,2832,118.0,30208,966656
2.0578384,-0.023117187852039933,4.367126,0.30661896109580994,304.7,15.16,290.22,14.39,0.8212841364141045,880,2856,119.0,30464,974848
1.9950219,-0.02223296107724309,4.567792,0.3111571878194809,315.96,15.62,297.1,13.97,0.8038274779376993,882,2880,120.0,30720,983040
2.030014,-0.02296258129645139,4.7484922,0.30793382972478867,302.58,14.17,299.28,14.77,0.8203899656388852,872,2904,121.0,30976,991232
2.0518327,-0.023116422826424243,4.8087955,0.3060646937787533,307.04,14.47,284.91,13.0,0.83876367613197,877,2928,122.0,31232,999424
2.086643,-0.022277906904928386,4.553888,0.3130073250830174,310.48,13.56,287.6,13.74,0.7948912081181131,881,2952,123.0,31488,1007616
2.0943024,-0.021644346029497684,3.9735885,0.3174009285867214,298.07,13.27,281.4,13.74,0.8160382304078254,881,2976,124.0,31744,1015808
2.0470994,-0.02266449821880087,4.5552583,0.3073454749584198,310.84,14.08,281.62,13.61,0.8242888403207238,880,3000,125.0,32000,1024000
2.0003219,-0.023471692835446447,4.530258,0.3007187320291996,310.75,14.81,294.65,14.7,0.8365801896032379,880,3024,126.0,32256,1032192
1.9644433,-0.024443662522826343,4.7232842,0.2875698387622833,319.77,16.37,315.32,15.88,0.8612005859346363,862,3048,127.0,32512,1040384
2.1104267,-0.024729832350276412,3.7808037,0.2873729220032692,328.07,17.33,322.47,16.77,0.8684821141681467,869,3072,128.0,32768,1048576
2.059431,-0.0254710462433286,4.4808326,0.2713064570724964,325.74,17.18,320.8,16.56,0.8857354564530069,876,3096,129.0,33024,1056768
2.0394108,-0.022708572598639877,4.9370537,0.29159185037016866,331.4,16.93,319.48,16.7,0.8464384507464155,874,3120,130.0,33280,1064960
2.059787,-0.02295333000831306,4.4675684,0.2946560427546501,337.94,17.31,312.31,15.84,0.8351696478082783,876,3144,131.0,33536,1073152
2.0616713,-0.02348166992655024,3.9703524,0.29820739522576334,336.38,16.56,316.6,15.39,0.8239520749751115,881,3168,132.0,33792,1081344
2.061045,-0.023665936852339656,5.1917534,0.3203612473607063,344.63,17.05,319.33,15.25,0.8315257364293784,883,3192,133.0,34048,1089536
2.0896163,-0.02411845674039796,4.933412,0.3116339616477489,336.75,16.84,325.66,15.16,0.8563564342560472,882,3216,134.0,34304,1097728
2.0143735,-0.02361834152135998,5.2380285,0.3150277942419052,337.79,16.45,324.47,15.47,0.8309999738220893,875,3240,135.0,34560,1105920
2.1092122,-0.02225169917102903,4.8567586,0.31732395976781846,340.03,17.12,302.75,13.84,0.7960474599772744,883,3264,136.0,34816,1114112
2.0216954,-0.023231918192468583,5.316063,0.32825754940509794,335.2,17.59,311.65,15.24,0.8056899822128445,883,3288,137.0,35072,1122304
2.0374382,-0.022965686824172736,5.3398113,0.35151809841394427,327.13,17.07,298.76,13.68,0.8323010433728977,883,3312,138.0,35328,1130496
2.1080132,-0.022413693172857165,4.943654,0.3604107683897018,313.62,16.36,297.23,12.64,0.8358679183400873,882,3336,139.0,35584,1138688
2.0188837,-0.02214576296042651,5.511752,0.36391670286655425,314.64,15.92,307.25,13.35,0.8409643222584943,883,3360,140.0,35840,1146880
2.1139429,-0.02269249255768955,5.381532,0.35688569366931916,325.45,15.47,301.91,12.99,0.7451847736946233,884,3384,141.0,36096,1155072
1.9919106,-0.022796800048090517,5.6930118,0.3339929722249508,330.37,15.53,307.87,14.07,0.8121960859310196,875,3408,142.0,36352,1163264
2.0861738,-0.023034554151818157,4.856504,0.34290011212229726,336.7,15.89,304.34,14.2,0.8171692604829179,884,3432,143.0,36608,1171456
2.0804672,-0.024480326338671147,5.5453467,0.3306763069331646,329.56,15.56,317.91,15.41,0.8004165555701946,883,3456,144.0,36864,1179648
2.115371,-0.02573078896384686,4.755292,0.3113779304921627,325.28,15.61,327.76,16.74,0.8637409360306049,882,3480,145.0,37120,1187840
2.0186996,-0.026503743384964765,5.4224963,0.311009521484375,329.07,15.48,338.69,18.42,0.8352197020357326,884,3504,146.0,37376,1196032
2.021833,-0.02589186802506447,5.89601,0.29226600140333175,337.09,16.95,348.68,18.96,0.8339130491504743,883,3528,147.0,37632,1204224
2.064369,-0.023461399199441076,5.297876,0.2896746188402176,355.62,18.57,347.8,18.64,0.8453083474482972,881,3552,148.0,37888,1212416
2.081783,-0.024408060302957894,5.431891,0.32148516580462455,341.75,17.71,354.18,19.33,0.8170591122213535,884,3576,149.0,38144,1220608
2.0714242,-0.024844582276418805,5.678419,0.30455867618322374,332.04,17.31,342.72,17.98,0.8134984667337672,884,3600,150.0,38400,1228800
2.1230297,-0.02594113869126886,5.41001,0.31220659121871,327.95,16.48,337.95,17.48,0.8340063631803818,875,3624,151.0,38656,1236992
1.967004,-0.026369693884626032,5.884324,0.3250800962746143,326.48,16.12,341.94,16.64,0.7800054669434707,881,3648,152.0,38912,1245184
2.0203,-0.024787983908317983,5.9807973,0.29706786915659905,330.97,16.48,335.58,16.0,0.8415124490733803,883,3672,153.0,39168,1253376
2.074355,-0.02494301349390298,5.2162004,0.32715822756290436,348.91,17.88,338.91,16.3,0.8175416962931887,882,3696,154.0,39424,1261568
2.0503876,-0.022893068809062243,5.6942263,0.335552586466074,342.41,16.81,342.55,15.97,0.7823487477936907,883,3720,155.0,39680,1269760
2.0619562,-0.022471031749155372,5.6035132,0.3336333440244198,331.74,15.67,329.14,15.6,0.7805245676866559,880,3744,156.0,39936,1277952
2.0447063,-0.021987269918899984,5.7834706,0.3589383170008659,328.28,14.85,331.68,15.17,0.8079195641643167,882,3768,157.0,40192,1286144
2.0092998,-0.023278288815636188,6.168706,0.31940701708197594,326.21,14.19,318.31,14.87,0.818849011759235,876,3792,158.0,40448,1294336
1.9801589,-0.023608459152746945,5.920089,0.32596166744828226,326.31,15.36,326.14,15.18,0.7711316203479247,880,3816,159.0,40704,1302528
1.9722973,-0.02358420314732939,6.7982626,0.30553366005420685,339.66,16.72,343.31,16.01,0.8330987721845892,882,3840,160.0,40960,1310720
2.0546372,-0.0232438301993534,6.067876,0.29754944890737534,331.5,16.2,339.26,16.64,0.8455936494035667,881,3864,161.0,41216,1318912
1.9510056,-0.022666832995601,6.6601515,0.3114801022410393,348.18,17.85,349.63,17.32,0.8199569365742957,882,3888,162.0,41472,1327104
1.9157045,-0.02174831507494673,7.2442,0.3063654553890228,354.13,17.97,351.77,17.05,0.8163790522147325,882,3912,163.0,41728,1335296
1.9122683,-0.022328876692336054,7.006459,0.3286700290441513,363.33,18.91,352.3,17.83,0.7996042025187943,880,3936,164.0,41984,1343488
1.9555966,-0.022905901356134562,7.073636,0.3376528824865818,363.66,18.91,361.41,18.81,0.7692658622600929,873,3960,165.0,42240,1351680
1.9020547,-0.023351879499386996,7.331637,0.3417439496517181,371.69,19.77,352.81,18.44,0.8123437508444056,878,3984,166.0,42496,1359872
1.9609376,-0.02353988293092698,7.086025,0.3316834260523319,367.33,19.46,351.91,19.13,0.8420226800448352,882,4008,167.0,42752,1368064
1.9525878,-0.02279027223121375,7.3130126,0.3508439473807812,360.3,18.61,339.55,17.84,0.7518737167083211,877,4032,168.0,43008,1376256
1.8873976,-0.023415308319963513,7.4810596,0.3393449686467648,353.78,18.65,335.69,17.87,0.7722484658612334,876,4056,169.0,43264,1384448
1.9076838,-0.021727533866651355,7.8965406,0.32491170838475225,354.27,18.87,345.58,18.22,0.818330117843276,880,4080,170.0,43520,1392640
1.9692136,-0.019878611252643168,7.272529,0.3266586697101593,346.13,18.18,344.47,17.59,0.8703333894802185,870,4104,171.0,43776,1400832
1.9022601,-0.02115393179934472,7.0258546,0.31394305899739267,337.01,17.33,348.15,18.5,0.8524225315136548,875,4128,172.0,44032,1409024
2.000605,-0.022183864912949502,6.6016865,0.2889092944562435,341.59,17.65,349.75,18.24,0.8465007106130013,868,4152,173.0,44288,1417216
1.957721,-0.022449412727728487,6.710467,0.2788076901435852,337.47,17.33,344.03,17.52,0.860114288660869,882,4176,174.0,44544,1425408
1.9610754,-0.022124794581905007,6.9264913,0.26842768281698226,337.66,17.29,352.16,18.41,0.8459653179580133,884,4200,175.0,44800,1433600
1.9253628,-0.020904140702914447,6.7330594,0.2521712307631969,334.13,17.84,344.9,17.95,0.8410911330349221,883,4224,176.0,45056,1441792
1.8675976,-0.021932504309806974,7.1932244,0.24778879553079605,348.44,19.45,348.63,18.43,0.8137249490407747,883,4248,177.0,45312,1449984
2.0151093,-0.021655247278977184,6.6752396,0.27210269302129747,346.23,19.2,355.0,18.87,0.8067980116523715,883,4272,178.0,45568,1458176
1.9126548,-0.02207444641040638,6.576392,0.28388035744428636,343.61,17.92,360.04,18.81,0.8608296379956264,883,4296,179.0,45824,1466368
1.9292319,-0.024713731869123876,7.453432,0.2820420832931995,346.98,17.88,351.13,18.63,0.8050423443625319,875,4320,180.0,46080,1474560
1.9948521,-0.024420051695778967,6.7907887,0.3139143428206444,338.22,16.28,360.74,19.29,0.775492558579514,882,4344,181.0,46336,1482752
1.9283152,-0.023235015133395792,6.850451,0.3116530159115791,342.51,16.05,348.09,18.16,0.7587873335802693,881,4368,182.0,46592,1490944
1.9417454,-0.022432184778153896,6.4973536,0.31946072593331337,345.15,15.65,343.7,18.24,0.8472701998353026,882,4392,183.0,46848,1499136
1.8940674,-0.023149444730952384,7.40913,0.3324853241443634,347.33,15.98,356.44,18.72,0.8357339596883262,881,4416,184.0,47104,1507328
2.0162723,-0.024696229314431547,6.9083915,0.30926140904426574,342.69,15.59,346.04,17.58,0.852886920188795,884,4440,185.0,47360,1515520
1.9715132,-0.02474945912603289,7.0297647,0.2960300268232822,356.99,16.85,348.5,17.91,0.8424768514602126,882,4464,186.0,47616,1523712
1.9223897,-0.026476727183908224,7.3277617,0.28990006282925607,342.18,16.25,349.83,17.77,0.8238319335882504,875,4488,187.0,47872,1531904
1.9299792,-0.025405228207819163,7.632709,0.26536877781152723,345.49,17.0,343.02,17.22,0.8774434887966615,884,4512,188.0,48128,1540096
1.943354,-0.024723042056430132,7.451457,0.27499359875917434,353.4,17.68,343.32,17.04,0.8167694053860466,881,4536,189.0,48384,1548288
1.9418014,-0.02601281651528552,7.0742693,0.28489139541983605,353.88,18.17,353.27,17.28,0.8022142785252672,882,4560,190.0,48640,1556480
1.9364289,-0.023727834455203264,7.2858605,0.29053252801299095,343.95,17.81,352.81,17.2,0.8232960357732813,881,4584,191.0,48896,1564672
1.9679147,-0.021920907639432698,7.177806,0.33485800355672835,344.65,17.89,349.65,17.24,0.7875451694683753,882,4608,192.0,49152,1572864
1.9984632,-0.021156228163745253,7.0875416,0.3489188900589943,349.08,18.28,351.42,16.86,0.7781217917649909,883,4632,193.0,49408,1581056
2.0311797,-0.02183785365195945,7.332949,0.34288820445537566,334.4,16.93,355.27,17.26,0.8027835556894792,883,4656,194.0,49664,1589248
2.0257883,-0.021757683095056563,6.4670053,0.33830960303545,333.82,16.5,342.35,16.23,0.8475866509373455,882,4680,195.0,49920,1597440
2.0279856,-0.022096763702575118,6.5739074,0.32470583856105806,336.94,16.06,330.36,15.14,0.8133728386434517,875,4704,196.0,50176,1605632
1.9866445,-0.022362837614491583,7.1869063,0.3006203980743885,342.47,16.54,330.3,15.72,0.8134119911043368,883,4728,197.0,50432,1613824
2.0202198,-0.021861564461141826,7.332043,0.30904246658086776,354.31,17.68,325.34,15.93,0.7583454188679364,882,4752,198.0,50688,1622016
2.0491786,-0.021948246015235783,7.4885397,0.30643505334854126,361.24,18.08,341.22,17.79,0.7414931575708951,883,4776,199.0,50944,1630208
2.0201898,-0.025178651888854802,6.729631,0.31104983896017074,352.59,17.29,363.37,19.33,0.7872702477958314,882,4800,200.0,51200,1638400
1.9925162,-0.02529794172849506,6.6403437,0.3146190132200718,353.16,17.14,358.0,18.74,0.8332519843152333,881,4824,201.0,51456,1646592
1.9490172,-0.023395598842762412,6.8954883,0.31805484637618064,353.16,17.28,354.63,17.74,0.7639849047345733,882,4848,202.0,51712,1654784
1.97327,-0.024511849274858832,6.4953938,0.31223890364170076,347.91,17.24,353.54,17.43,0.8699881736903586,875,4872,203.0,51968,1662976
2.0115368,-0.024907626947388052,6.331531,0.2816336490213871,342.79,17.57,347.97,17.52,0.8326519911038791,883,4896,204.0,52224,1671168
2.0951395,-0.024715189170092345,6.3137712,0.2590243844687939,354.77,18.88,353.13,17.64,0.8486192684096701,883,4920,205.0,52480,1679360
2.0229685,-0.025096757765859366,6.4223647,0.26439099371433256,347.5,18.03,367.07,18.45,0.7906354582104862,883,4944,206.0,52736,1687552
1.9842558,-0.024425088125281037,7.326923,0.2650779995322228,346.54,18.24,377.87,18.73,0.7911549262237164,883,4968,207.0,52992,1695744
2.0875185,-0.02198711676057428,6.6321435,0.28176570519804955,349.68,18.44,371.04,18.48,0.8484314908489649,882,4992,208.0,53248,1703936
2.0301592,-0.020917724962346257,6.277216,0.29320849910378455,350.06,18.17,368.92,18.74,0.8544544505279454,881,5016,209.0,53504,1712128
2.0306466,-0.021277684052474797,6.425554,0.28199897781014444,354.29,18.26,380.93,19.74,0.8159084947232498,875,5040,210.0,53760,1720320
2.049493,-0.0222690354520455,7.0244656,0.3049529705941677,356.23,18.06,382.85,19.78,0.7555944801898958,882,5064,211.0,54016,1728512
2.0177107,-0.02355860384181142,6.699415,0.2865395653247833,357.83,18.14,379.3,20.38,0.8535407222618424,883,5088,212.0,54272,1736704
2.0858827,-0.025545255127362908,6.291507,0.27920030921697614,366.08,18.5,384.73,21.1,0.8635871034039235,879,5112,213.0,54528,1744896
2.0224473,-0.02507365217898041,6.7881064,0.2755224084854126,374.51,19.02,369.69,19.39,0.86252909136755,880,5136,214.0,54784,1753088
2.0105147,-0.023984058904461564,6.840832,0.2536573773622513,368.74,19.2,357.51,19.4,0.8012642273402768,881,5160,215.0,55040,1761280
2.065187,-0.02318813424091786,6.7944345,0.2647229069471359,371.85,19.71,358.02,19.98,0.7954515951403907,882,5184,216.0,55296,1769472
2.0117726,-0.02099116029217839,6.605256,0.2774113294482231,369.58,19.03,359.04,19.36,0.825799421047714,882,5208,217.0,55552,1777664
2.0883708,-0.022613733434118332,6.5734043,0.2664726559817791,373.47,19.98,364.06,19.34,0.8385032306390687,882,5232,218.0,55808,1785856
2.0108812,-0.024763270118273794,6.257169,0.25153469368815423,373.39,20.24,374.55,20.52,0.8847581528108776,876,5256,219.0,56064,1794048
2.0282414,-0.02438468154054135,7.1528344,0.23233098685741424,369.9,19.74,381.12,20.81,0.8360834935191954,882,5280,220.0,56320,1802240
2.0414772,-0.02447929235640913,6.7018037,0.2112560424208641,369.35,20.05,379.67,19.83,0.8344165503713835,883,5304,221.0,56576,1810432
2.0367353,-0.025160887306556107,6.9254227,0.21571998700499534,364.16,19.33,367.94,19.85,0.7449936215891789,883,5328,222.0,56832,1818624
1.9969777,-0.024139937656000258,7.3331537,0.2373020540177822,363.68,18.39,361.42,19.13,0.740010563011621,882,5352,223.0,57088,1826816
1.986072,-0.0238442091550678,7.31012,0.2524366800487041,369.33,19.32,349.72,17.99,0.7839967423178564,882,5376,224.0,57344,1835008
1.9817896,-0.024278234438970685,6.9836755,0.26446539506316186,360.83,18.65,355.84,17.95,0.8373578453853425,881,5400,225.0,57600,1843200
1.9932603,-0.02448814772069454,7.125894,0.2669268698990345,355.83,18.61,354.46,17.89,0.8318784838851203,874,5424,226.0,57856,1851392
1.9793358,-0.026178366569802165,7.6520224,0.25099370077252386,353.05,18.43,359.46,18.02,0.8088868202075857,882,5448,227.0,58112,1859584
2.0480201,-0.025609932532534005,7.2230263,0.23780298128724098,357.72,19.13,372.51,18.93,0.7400625164713229,884,5472,228.0,58368,1867776
2.0397863,-0.023626779592595994,7.042704,0.23468339338898658,362.66,19.99,367.32,20.27,0.8132353786816628,881,5496,229.0,58624,1875968
2.0778275,-0.024231924000196157,6.769213,0.22791669622063637,374.59,20.69,365.64,20.72,0.8346106195359064,876,5520,230.0,58880,1884160
1.9926727,-0.023833642681129277,7.368091,0.2353359131515026,377.78,21.32,371.65,20.89,0.8172323725318947,878,5544,231.0,59136,1892352
2.022226,-0.023158154520206153,7.7290425,0.23158160865306854,368.83,21.01,377.78,21.03,0.8270762195779457,880,5568,232.0,59392,1900544
1.9753022,-0.023855090867727996,7.735921,0.22970615267753602,368.46,21.01,373.86,20.77,0.8211193758510216,870,5592,233.0,59648,1908736
2.0428078,-0.025069154049269855,7.1401935,0.21380733758211135,365.42,20.65,374.21,20.31,0.8573701429943293,877,5616,234.0,59904,1916928
2.0789878,-0.025873113614507018,6.9089646,0.2214483727514744,364.74,20.48,379.16,20.63,0.7752412243377362,876,5640,235.0,60160,1925120
2.0498683,-0.024887555413879454,7.8188615,0.26110365882515907,357.63,19.02,376.4,20.4,0.7286555311861667,876,5664,236.0,60416,1933312
2.0894105,-0.025735353929921986,6.795233,0.25527193427085876,364.62,19.28,370.15,19.96,0.8311964585566349,877,5688,237.0,60672,1941504
2.052923,-0.02412800909485668,7.535202,0.28247197896242143,363.71,19.35,370.08,20.1,0.8059734134622288,879,5712,238.0,60928,1949696
1.9974215,-0.023761634407565,7.7892127,0.27912774562835696,361.95,18.77,370.84,19.9,0.7809784495557444,879,5736,239.0,61184,1957888
2.0850344,-0.022872158656828106,7.5310626,0.2521194991469383,369.66,19.78,363.7,19.42,0.7788457331181082,878,5760,240.0,61440,1966080
2.0828555,-0.02381008048541844,7.4548817,0.25561385914683343,375.1,20.19,372.44,20.6,0.8002117088847471,871,5784,241.0,61696,1974272
2.0958118,-0.02410293835680932,7.626134,0.24900657773017884,376.47,19.76,378.83,20.61,0.7980908309855543,878,5808,242.0,61952,1982464
2.0466056,-0.023683791069779546,7.6599183,0.2563475984334946,368.17,19.56,369.75,20.41,0.7658621177667666,879,5832,243.0,62208,1990656
2.0114625,-0.022762684070039542,7.581703,0.30877818673849106,358.5,17.89,367.12,20.21,0.7164304554069687,881,5856,244.0,62464,1998848
2.0267744,-0.0245830015395768,7.6744156,0.3152220730483532,364.26,19.23,363.86,19.81,0.7425610862152385,883,5880,245.0,62720,2007040
2.0669641,-0.02357008239487186,7.698933,0.32060364648699763,352.63,18.44,360.22,19.78,0.7740604768267737,881,5904,246.0,62976,2015232
2.1269317,-0.024639096055179836,7.571221,0.31150333538651465,362.03,19.69,354.8,19.14,0.8141677609058422,882,5928,247.0,63232,2023424
2.1036792,-0.02432694514747709,8.111261,0.2987670400738716,356.73,19.06,356.06,19.14,0.7538335726631564,872,5952,248.0,63488,2031616
2.1165285,-0.023520036870613693,8.028298,0.29202861174941064,356.35,19.15,357.02,19.82,0.731543494148675,883,5976,249.0,63744,2039808
2.1736453,-0.02373547011986375,7.2948565,0.2962220720946789,354.3,19.54,366.13,20.4,0.7463911221458952,882,6000,250.0,64000,2048000
2.1999626,-0.02205973838455975,7.837718,0.3055533915758133,352.69,18.82,348.25,18.5,0.7681931934153605,883,6024,251.0,64256,2056192
2.1616695,-0.022179806819185615,7.912398,0.31109130769968035,341.0,18.01,334.98,17.36,0.7101401676791569,882,6048,252.0,64512,2064384
2.1825933,-0.023099577203392983,7.464485,0.2872268944978714,349.75,18.97,337.5,16.54,0.8507670147778014,884,6072,253.0,64768,2072576
2.1414955,-0.02537106823641807,7.5115213,0.2583004343509674,349.22,19.02,331.25,15.71,0.860552891065008,882,6096,254.0,65024,2080768
2.1557858,-0.025119518185965715,7.300445,0.2740711724758148,352.65,19.34,331.76,15.24,0.7673521430359399,875,6120,255.0,65280,2088960
2.1015623,-0.02491662767715752,8.186796,0.24494657218456267,362.11,20.57,344.81,17.4,0.755275891761344,883,6144,256.0,65536,2097152
2.110614,-0.026171659803949296,7.5683002,0.24562431022524833,360.4,20.69,348.59,17.78,0.7696140118303723,883,6168,257.0,65792,2105344
2.1104615,-0.024511735332198442,7.895654,0.28229580700397494,365.99,20.58,354.54,18.52,0.7368501217653598,882,6192,258.0,66048,2113536
2.111862,-0.02240666504949331,8.325553,0.2722113543748856,363.4,20.19,363.75,20.51,0.6447579124085886,878,6216,259.0,66304,2121728
2.1008396,-0.02213114218786359,7.9792447,0.29318928241729736,368.08,20.81,359.82,20.45,0.6961443967377118,875,6240,260.0,66560,2129920
2.1055698,-0.023255764490459116,8.374463,0.2903621836006641,365.25,20.66,366.86,21.21,0.7336781351681891,879,6264,261.0,66816,2138112
2.144966,-0.022418340139556677,8.30063,0.3186823746562004,361.21,19.45,376.17,22.08,0.6993780525329418,870,6288,262.0,67072,2146304
2.0996702,-0.022448126666713506,8.414817,0.32438032373785974,362.71,20.54,383.74,21.94,0.7903444487866779,872,6312,263.0,67328,2154496
2.054305,-0.022766932535450906,8.784748,0.30269297599792483,358.07,20.32,384.54,21.89,0.6800538602796253,868,6336,264.0,67584,2162688
2.0699558,-0.020833549036178737,8.461899,0.35745347261428834,355.01,19.69,390.21,22.55,0.6235589181729015,875,6360,265.0,67840,2170880
2.102967,-0.021174720977433024,8.579777,0.29716267496347426,357.37,20.48,390.44,22.5,0.7877622155639977,875,6384,266.0,68096,2179072
2.0702589,-0.021255813003517688,8.543448,0.30231756523251535,362.73,20.8,378.11,21.57,0.6696661450721175,874,6408,267.0,68352,2187264
2.0831995,-0.0214278881624341,8.254892,0.3063220377266407,367.16,21.17,374.57,21.52,0.6746019939405303,874,6432,268.0,68608,2195456
2.091666,-0.02130587938707322,8.538143,0.2668355031311512,376.47,21.41,364.57,20.62,0.6559109786565345,873,6456,269.0,68864,2203648
2.0928276,-0.022121227718889712,8.590112,0.2976357761025429,374.72,20.72,355.05,19.8,0.7096641688370241,875,6480,270.0,69120,2211840
2.075423,-0.023114468376152216,8.941159,0.27041389539837835,374.0,20.45,358.84,19.74,0.7430125604321731,866,6504,271.0,69376,2220032
2.0544155,-0.022892553368583323,8.813967,0.28210305377840994,370.58,20.46,373.65,20.76,0.7092305987427562,872,6528,272.0,69632,2228224
2.0535827,-0.023354408396407962,8.628651,0.30582773461937907,360.22,19.66,360.39,19.06,0.7219705383584116,873,6552,273.0,69888,2236416
2.1066563,-0.021684125119354577,8.908668,0.2822982271015644,360.17,20.58,375.65,20.48,0.7861882180014762,867,6576,274.0,70144,2244608
2.0916548,-0.018201948192436247,8.903382,0.3066109971702099,362.57,21.42,376.29,21.03,0.6542654728101067,869,6600,275.0,70400,2252800
2.0674446,-0.01724555987631902,9.377803,0.31869608268141747,362.95,21.05,360.71,19.66,0.6024791672270786,869,6624,276.0,70656,2260992
2.0894976,-0.015866430059541015,8.958017,0.2925329183042049,373.22,21.61,367.45,20.8,0.7367237020645816,868,6648,277.0,70912,2269184
2.1060405,-0.017184812934137882,8.933985,0.3404572910070419,366.85,20.56,369.52,21.4,0.5724931584443046,862,6672,278.0,71168,2277376
2.117462,-0.01942356999963522,8.6503105,0.3305992160737514,360.88,20.37,374.12,21.34,0.6879844333703654,870,6696,279.0,71424,2285568
2.0632994,-0.018234085720032454,8.9768,0.36612831726670264,354.08,19.23,364.49,20.62,0.665928862248755,868,6720,280.0,71680,2293760
2.112665,-0.016006896407343447,8.8263645,0.42299007803201677,339.84,18.32,360.39,20.07,0.67105026919953,869,6744,281.0,71936,2301952
2.1119273,-0.016116450456902385,8.929333,0.37166340976953505,342.88,19.38,363.13,20.01,0.7601250683927623,871,6768,282.0,72192,2310144
2.145688,-0.017134948493912817,8.856491,0.3531847430765629,350.56,19.43,352.28,18.8,0.7347092829940634,869,6792,283.0,72448,2318336
2.1350968,-0.014987928378395736,9.035353,0.3307657252252102,356.71,19.53,339.51,17.93,0.6256867474178065,869,6816,284.0,72704,2326528
2.0926347,-0.016461075972765683,9.101316,0.28158638715744017,370.81,20.9,334.86,17.95,0.5941823999640132,859,6840,285.0,72960,2334720
2.0982084,-0.01618883363902569,9.257804,0.31581709399819374,378.37,21.58,339.56,18.18,0.6816603808763344,861,6864,286.0,73216,2342912
2.1739616,-0.014295410471968353,8.929279,0.37613901689648627,367.58,20.08,334.08,17.81,0.6098196079949953,868,6888,287.0,73472,2351104
2.1350157,-0.014659111644141376,8.89095,0.3644795237481594,364.16,19.55,349.65,18.77,0.7571343905408593,870,6912,288.0,73728,2359296
2.0749283,-0.017094190162606538,9.259002,0.3323975545167923,367.22,20.55,368.55,20.35,0.7642755239383676,872,6936,289.0,73984,2367488
2.0844145,-0.017256093816831707,9.253071,0.32298715293407443,367.48,20.32,370.54,20.36,0.6223099930910225,870,6960,290.0,74240,2375680
2.047286,-0.018342191674746572,9.436006,0.3172561681270599,370.73,20.75,373.74,20.14,0.6394379093463683,872,6984,291.0,74496,2383872
2.1130123,-0.02185460714623332,9.342862,0.284613871127367,380.25,21.93,377.09,20.94,0.6800331714599925,873,7008,292.0,74752,2392064
2.140043,-0.01790420224890113,9.034214,0.3712304398417473,368.55,20.92,374.15,20.3,0.44889030196455226,864,7032,293.0,75008,2400256
2.058754,-0.018277424371335657,9.308366,0.35649848230183123,368.7,20.74,373.69,20.16,0.7162098739136645,871,7056,294.0,75264,2408448
2.1380208,-0.01735149623127654,8.906894,0.3264017353206873,372.33,20.88,370.8,20.7,0.5618858289682811,870,7080,295.0,75520,2416640
2.112685,-0.01582601771457121,8.925322,0.35350657932460305,366.14,20.47,374.82,20.87,0.7037774242532759,872,7104,296.0,75776,2424832
2.050124,-0.016863640474621206,9.10419,0.32440535627305506,364.09,19.95,376.76,21.11,0.7082204424326095,870,7128,297.0,76032,2433024
2.0941958,-0.018047733609564603,9.271555,0.3240920935571194,364.9,20.13,376.1,21.37,0.652480715100185,870,7152,298.0,76288,2441216
2.1143198,-0.018821856915019454,9.339142,0.31359894320368764,367.27,20.27,378.77,22.06,0.6328545194810589,868,7176,299.0,76544,2449408
2.085957,-0.020938572655431927,9.150969,0.287830171585083,367.07,20.52,383.17,22.75,0.6850104119161552,865,7200,300.0,76800,2457600
2.0926468,-0.019760159570723773,9.486025,0.2592067649960518,373.18,21.92,376.3,22.08,0.6886714015663447,872,7224,301.0,77056,2465792
2.0419028,-0.020536628141999243,9.734238,0.2459093986451626,377.09,22.31,376.85,22.04,0.5978923563417204,873,7248,302.0,77312,2473984
2.114643,-0.018591581410728395,9.630259,0.290479516685009,366.45,21.98,372.48,20.98,0.6446106296207665,872,7272,303.0,77568,2482176
2.0826252,-0.018694400126114487,9.920371,0.30125502347946165,362.02,22.1,372.51,20.46,0.7308733167093142,870,7296,304.0,77824,2490368
2.047281,-0.01836577941663563,9.574976,0.3676332923769951,347.26,20.09,376.02,20.96,0.6229161842065318,870,7320,305.0,78080,2498560
2.028356,-0.018251473465934396,10.078265,0.35670850053429604,358.1,20.5,373.84,20.34,0.6513406303626925,871,7344,306.0,78336,2506752
2.0650826,-0.017465247041545808,10.03441,0.3112626688182354,373.01,21.72,370.85,19.66,0.6583014089044068,864,7368,307.0,78592,2514944
2.0431821,-0.02068501191213727,10.123656,0.26284236773848535,386.77,22.57,370.13,21.05,0.7708912167690734,873,7392,308.0,78848,2523136
2.028852,-0.021149729541502894,10.184101,0.21823589831590653,392.87,22.66,363.55,19.51,0.6359113237692561,872,7416,309.0,79104,2531328
2.0686862,-0.01981851005461067,10.055082,0.2758546358346939,391.36,23.16,366.89,20.07,0.537689570902049,872,7440,310.0,79360,2539520
2.0477335,-0.019021907695569096,10.37012,0.3180757516622543,383.1,21.98,370.58,20.61,0.6423065351854726,872,7464,311.0,79616,2547712
2.0250282,-0.017252401798032224,9.915035,0.3446543074399233,380.36,22.21,382.03,21.39,0.7119683555582624,870,7488,312.0,79872,2555904
2.1105466,-0.01663535201922059,9.330443,0.4305953741073608,365.75,20.2,379.9,21.25,0.6613193043504988,871,7512,313.0,80128,2564096
2.0640986,-0.015407394883222878,10.171996,0.5321715566515922,353.14,18.4,369.83,19.74,0.5434825506001444,870,7536,314.0,80384,2572288
2.1047223,-0.016547784791328013,10.588906,0.5078555159270763,351.28,18.25,358.32,19.06,0.6373957867756942,864,7560,315.0,80640,2580480
2.1173096,-0.017661107177846132,10.019968,0.5770033621788024,341.85,16.74,349.16,18.61,0.6078628021717494,872,7584,316.0,80896,2588672
2.0915742,-0.01748095065355301,10.375099,0.5774938337504864,334.3,16.13,335.99,17.23,0.6542095733342088,871,7608,317.0,81152,2596864
2.0510626,-0.018474693244788797,10.429035,0.48589914575219156,340.4,17.88,339.12,17.16,0.6988912706124624,869,7632,318.0,81408,2605056
2.058396,-0.019408138517756014,10.655964,0.4553431808948517,348.54,18.37,353.03,17.77,0.6988575164064523,872,7656,319.0,81664,2613248
2.0854921,-0.018647495752666145,10.644297,0.4366003808379173,344.29,18.67,350.02,16.84,0.758041130963944,872,7680,320.0,81920,2621440
2.0809224,-0.018229146099183708,10.4878,0.39888653963804244,355.68,19.65,355.22,17.39,0.45207012158772975,871,7704,321.0,82176,2629632
2.0287795,-0.016505343015305696,11.042132,0.4218985140323639,372.12,19.94,354.7,18.19,0.6606527259695655,864,7728,322.0,82432,2637824
2.0649521,-0.016244912401307373,10.833478,0.4054282921552658,378.27,20.8,342.46,16.98,0.724215976791057,871,7752,323.0,82688,2646016
2.0469093,-0.013457002632785589,10.692888,0.4902217243611813,371.7,20.05,339.71,16.89,0.4315457123135046,872,7776,324.0,82944,2654208
2.102843,-0.014780829621013254,9.823924,0.5230811528861523,369.92,20.08,332.84,16.24,0.4202882512483971,871,7800,325.0,83200,2662400
2.1432478,-0.016184533417690546,9.9376545,0.5844304619729519,338.7,17.69,339.66,16.68,0.6001879465776867,872,7824,326.0,83456,2670592
2.1126885,-0.017481256760656833,9.6716795,0.6546734927594662,330.71,16.37,345.91,17.26,0.5927977582201971,872,7848,327.0,83712,2678784
2.0985522,-0.018313330505043267,10.077148,0.6373890718817711,324.92,15.77,352.7,17.52,0.5173129145374826,870,7872,328.0,83968,2686976
2.106751,-0.01979428664315492,9.579669,0.6077378526329994,318.22,15.56,352.63,17.48,0.7263976696621997,862,7896,329.0,84224,2695168
2.1049316,-0.02046719040023163,10.00455,0.5134925723075867,340.14,17.88,358.24,18.26,0.7570171000386232,870,7920,330.0,84480,2703360
2.069835,-0.019737751784268766,10.084229,0.45738069236278533,351.4,18.66,345.13,17.36,0.7487596079529245,872,7944,331.0,84736,2711552
2.0879092,-0.021114371616858987,10.245662,0.4389763641357422,353.84,18.35,351.56,17.87,0.6469485578932608,868,7968,332.0,84992,2719744
2.022844,-0.02095220715040341,10.538396,0.3975910270214081,365.66,18.85,368.4,19.54,0.7618376218406493,873,7992,333.0,85248,2727936
2.0873358,-0.019892219160683452,10.067773,0.3761539499461651,380.49,19.75,371.03,20.18,0.7275429633443861,872,8016,334.0,85504,2736128
2.0573487,-0.017951662256382405,10.360469,0.3942925573885441,376.82,19.45,380.79,19.8,0.6410079128610676,873,8040,335.0,85760,2744320
2.0096433,-0.01860777069814503,10.443687,0.3814038123190403,370.38,19.77,386.35,20.33,0.6616057421169359,870,8064,336.0,86016,2752512
2.0195005,-0.018079928997904064,10.652931,0.3664995278418064,379.86,21.16,383.04,20.65,0.6448715248429582,860,8088,337.0,86272,2760704
2.036625,-0.01783459832891822,10.838737,0.37791936069726945,378.0,21.68,381.12,20.65,0.6551200153064396,869,8112,338.0,86528,2768896
2.0934694,-0.0187825567740947,10.624583,0.3085245457291603,384.89,23.29,378.14,21.6,0.8169751836253321,870,8136,339.0,86784,2777088
2.0597403,-0.018403958482667803,10.977196,0.29270098090171814,388.6,23.64,376.27,21.32,0.5405240536288314,873,8160,340.0,87040,2785280
2.009722,-0.017824428584426642,11.085386,0.29447986066341403,393.83,23.7,380.72,22.07,0.7387454139498526,872,8184,341.0,87296,2793472
1.9802225,-0.018172228562179954,11.063814,0.314670063406229,386.47,22.82,381.2,22.33,0.6699749542677093,870,8208,342.0,87552,2801664
1.9967124,-0.017729851498734205,11.093402,0.34879005536437035,383.81,22.95,385.27,22.71,0.6663460435468378,872,8232,343.0,87808,2809856
1.9519792,-0.01810588739113882,10.804296,0.3867625242471695,377.16,21.82,393.79,22.86,0.7065779319546206,862,8256,344.0,88064,2818048
2.0213938,-0.01637207231251523,11.268859,0.37269451186060903,377.36,22.03,397.32,23.63,0.6732319503464655,871,8280,345.0,88320,2826240
1.973212,-0.016386713427491487,10.858966,0.39095777317881586,376.04,21.83,398.08,24.29,0.5821736912233803,870,8304,346.0,88576,2834432
2.0492024,-0.01980451955460012,10.9592,0.33533758886158466,381.23,22.7,375.03,21.69,0.8134689372834432,871,8328,347.0,88832,2842624
1.9834952,-0.018782071545720102,11.028494,0.2898936390131712,395.03,23.58,363.81,20.55,0.6120062216565347,873,8352,348.0,89088,2850816
2.014128,-0.019295261185616256,10.951187,0.28052839659154416,395.75,24.06,365.48,20.87,0.7498836678738408,871,8376,349.0,89344,2859008
1.9244258,-0.018112964145839214,10.779303,0.2925625542551279,394.02,22.9,363.75,20.22,0.6123125628801523,870,8400,350.0,89600,2867200
1.9771299,-0.016861305120401085,11.036239,0.3554881988465786,394.11,22.5,367.92,20.72,0.7148258839652112,863,8424,351.0,89856,2875392
1.988873,-0.018018055548891423,10.876804,0.3788248564302921,388.23,21.73,388.07,22.44,0.7187448185761631,871,8448,352.0,90112,2883584
2.039429,-0.018222375675104558,11.115484,0.42384289324283597,381.36,20.99,391.32,23.36,0.720713609008051,869,8472,353.0,90368,2891776
2.0098925,-0.019619537512771786,11.002201,0.35737944349646567,384.19,21.16,383.63,22.99,0.7684696230532639,873,8496,354.0,90624,2899968
2.013073,-0.017989293695427476,10.967961,0.3343505875766277,392.37,22.92,369.11,21.77,0.6116163318552239,870,8520,355.0,90880,2908160
1.9389449,-0.01899503517895937,11.166008,0.3052390910685062,397.55,23.65,369.23,21.43,0.7897400485900039,869,8544,356.0,91136,2916352
1.972673,-0.020173098840750754,11.029791,0.2585465720295906,402.98,23.7,372.5,21.95,0.7641799219734575,872,8568,357.0,91392,2924544
2.059193,-0.019207523721270263,11.110843,0.2405832139402628,414.54,25.21,373.33,21.54,0.7868717087888037,872,8592,358.0,91648,2932736
2.0244312,-0.019084653262980283,10.745803,0.22060415156185628,414.11,25.42,377.55,21.87,0.7471064631035158,873,8616,359.0,91904,2940928
2.0163493,-0.016893026898615063,10.87051,0.2531548721343279,405.7,24.58,389.05,22.6,0.6722155574134172,862,8640,360.0,92160,2949120
2.0024428,-0.016651555798016488,11.019949,0.2476859315484762,405.73,24.74,396.89,22.64,0.7538487910450344,873,8664,361.0,92416,2957312
1.9776776,-0.016292413058690728,11.010975,0.3146509167551994,396.88,24.11,389.1,21.7,0.630363496600419,872,8688,362.0,92672,2965504
1.9836882,-0.01637886440847069,11.036267,0.3542942027747631,392.15,23.04,382.79,20.6,0.65341100375324,869,8712,363.0,92928,2973696
1.9848952,-0.018504271586425602,10.979763,0.3423111782968044,391.01,22.45,377.13,20.28,0.6687659096136102,869,8736,364.0,93184,2981888
1.9875499,-0.01751540780067444,10.856015,0.41699814960360526,384.6,21.45,376.52,19.7,0.6324261944500238,872,8760,365.0,93440,2990080
2.006284,-0.018621046952903272,11.246253,0.39617119550704955,382.61,20.71,371.27,20.12,0.7100880089429338,870,8784,366.0,93696,2998272
1.9851547,-0.01876924098469317,11.3596115,0.37356305405497553,389.61,21.25,374.03,20.59,0.6969266157672194,859,8808,367.0,93952,3006464
2.0170836,-0.01802072159945965,10.953365,0.3864525228738785,384.57,21.33,376.79,21.03,0.6998181732724122,871,8832,368.0,94208,3014656
1.9275485,-0.017240798459388317,10.998781,0.3543740767240524,381.95,21.56,376.86,21.62,0.7313810856531191,872,8856,369.0,94464,3022848
1.9849262,-0.01795555030461401,11.472742,0.3259079185128212,386.05,22.57,384.0,21.94,0.7624716533745486,871,8880,370.0,94720,3031040
1.9891328,-0.017150551793165505,11.412527,0.35945274770259855,381.82,22.27,391.84,22.61,0.6639703437167876,870,8904,371.0,94976,3039232
1.99499,-0.017589361979626118,11.025801,0.3433257545530796,384.35,23.12,396.82,23.03,0.6973765191280634,871,8928,372.0,95232,3047424
1.9851941,-0.017725790706463157,11.195252,0.35166748881340026,385.2,23.18,395.56,23.19,0.6045510421229985,870,8952,373.0,95488,3055616
1.9705031,-0.01692848003935069,11.341773,0.34928635850548745,391.35,23.66,387.16,22.87,0.7324397960448682,863,8976,374.0,95744,3063808
1.9656479,-0.017308626561425625,11.551917,0.3513717144727707,388.97,22.79,383.87,22.91,0.7339017484722282,869,9000,375.0,96000,3072000
2.0067132,-0.017035235636867582,11.487061,0.349065527766943,389.72,23.07,377.73,22.74,0.7601973535334239,870,9024,376.0,96256,3080192
2.0077417,-0.018334422912448644,11.488752,0.3773226797580719,385.55,22.38,378.07,22.9,0.7048859099994318,870,9048,377.0,96512,3088384
1.9871261,-0.020022007478401063,11.611366,0.3440907144546509,390.51,23.1,378.5,22.17,0.8270683427020975,871,9072,378.0,96768,3096576
1.9831592,-0.01904631245881319,11.522541,0.3483800634741783,386.16,23.64,376.35,22.33,0.7039740731727542,873,9096,379.0,97024,3104768
1.9265863,-0.018957780827768146,11.0091095,0.3947250118851662,388.87,24.04,378.99,22.01,0.6545067115924801,871,9120,380.0,97280,3112960
1.9388711,-0.019271476874127984,11.754526,0.3898818175494671,380.64,22.76,380.86,22.67,0.6520671093999876,870,9144,381.0,97536,3121152
1.9049892,-0.01866232845466584,11.402236,0.41730431094765663,389.73,23.03,385.89,23.21,0.7209340255463754,865,9168,382.0,97792,3129344
1.9512346,-0.01807688485365361,11.847985,0.4246781040728092,384.96,22.38,393.37,24.04,0.6885092698644885,872,9192,383.0,98048,3137536
1.9560628,-0.018136689085513354,11.762069,0.4047756542265415,384.28,22.61,397.61,23.82,0.6938692614630311,871,9216,384.0,98304,3145728
2.0198734,-0.017843725550919773,11.375546,0.41487295731902124,386.55,22.81,397.19,23.74,0.6099423334921961,872,9240,385.0,98560,3153920
1.9108144,-0.017217609966173768,11.700691,0.4080842711031437,387.4,22.86,406.61,24.01,0.747968195161482,870,9264,386.0,98816,3162112
1.9367598,-0.017602083943784236,11.718106,0.3900629408657551,392.02,23.69,403.43,23.98,0.7430252204798349,871,9288,387.0,99072,3170304
1.8924686,-0.017153228209353985,12.084197,0.37785812333226204,391.92,23.72,400.99,23.43,0.7295942962109189,868,9312,388.0,99328,3178496
1.8905133,-0.0185439644055441,12.393547,0.33267311125993726,398.74,24.03,404.68,25.07,0.6744650507923236,863,9336,389.0,99584,3186688
1.9422752,-0.018258805363439025,12.058529,0.3924290683865547,400.91,24.07,407.03,25.3,0.6623586358890001,870,9360,390.0,99840,3194880
1.9120669,-0.017399469544179737,11.621152,0.4284908239543438,392.69,23.47,398.45,25.19,0.7173263158363865,867,9384,391.0,100096,3203072
1.9100453,-0.017482743905857204,12.139697,0.4371910624206066,390.69,23.19,398.17,24.77,0.7755705597896927,872,9408,392.0,100352,3211264
1.9690099,-0.0174225480761379,11.898007,0.42737794429063797,392.36,23.38,400.47,25.58,0.7982805941512671,866,9432,393.0,100608,3219456
1.9362881,-0.01841881711035967,12.520357,0.37765417724847794,389.39,23.06,394.08,24.15,0.6673967296370329,869,9456,394.0,100864,3227648
1.9583597,-0.018760951454751193,12.029066,0.36875404059886935,392.83,23.9,395.33,23.73,0.6751298648090334,866,9480,395.0,101120,3235840
1.9100916,-0.01772972392383963,11.744642,0.3652918544411659,393.85,23.79,403.64,24.32,0.755781517438243,858,9504,396.0,101376,3244032
1.9249921,-0.017856346182525157,12.346759,0.41293895155191424,390.27,23.44,405.38,24.77,0.642797586710336,862,9528,397.0,101632,3252224
1.9694202,-0.016629545474424957,11.903238,0.4484105437994003,380.37,22.16,406.3,24.38,0.6920666100813297,859,9552,398.0,101888,3260416
1.9121077,-0.016572469039820136,12.040848,0.4101968987286091,384.16,22.03,404.45,24.48,0.803864475503105,862,9576,399.0,102144,3268608
1.9477574,-0.01725025206338614,11.503752,0.36521826341748237,387.16,22.78,400.1,24.27,0.797567861940017,864,9600,400.0,102400,3276800
1.9407016,-0.01795451095793396,11.427197,0.32874437257647515,389.47,23.65,396.48,23.38,0.688379379396306,861,9624,401.0,102656,3284992
1.9593902,-0.01730161690618843,11.834648,0.3464986841380596,388.16,23.65,396.23,22.92,0.5927863246847063,866,9648,402.0,102912,3293184
1.9540786,-0.017206269474700095,11.601072,0.3396371851861477,393.97,24.24,391.73,22.45,0.7232333886580936,868,9672,403.0,103168,3301376
1.9773711,-0.01711725919507444,11.232711,0.3650160484015942,393.45,23.8,394.59,22.72,0.7030693899757703,862,9696,404.0,103424,3309568
1.9085565,-0.017572887162677943,11.151411,0.38904821529984474,388.61,22.69,388.47,21.93,0.7508742279842402,872,9720,405.0,103680,3317760
1.9654998,-0.018016129427123814,11.127853,0.30255746468901634,393.86,23.24,383.24,22.0,0.8173103251899225,872,9744,406.0,103936,3325952
2.0047767,-0.01825106376549229,11.512366,0.3194270001351833,402.53,23.68,380.29,22.16,0.6613689259050537,871,9768,407.0,104192,3334144
1.9821676,-0.01762834010878578,11.1171,0.3274436083436012,404.7,23.95,387.26,22.98,0.7132652452764814,868,9792,408.0,104448,3342336
2.0695977,-0.01825101392576471,11.637857,0.2957787601649761,403.59,23.33,387.78,23.23,0.8374934074267241,872,9816,409.0,104704,3350528
1.9888874,-0.017737226788885892,11.578487,0.3836823876202107,390.56,23.2,392.58,23.3,0.6177217839233813,870,9840,410.0,104960,3358720
1.998914,-0.018529702480882405,11.786087,0.35683642745018007,386.18,22.39,401.21,24.18,0.7729461693930273,861,9864,411.0,105216,3366912
1.9938112,-0.018772692224010824,12.121951,0.35486064970493314,386.1,22.81,397.77,23.62,0.7757455995493765,870,9888,412.0,105472,3375104
2.0188315,-0.01576583258341998,11.34717,0.40573204144835473,383.08,23.12,383.25,22.02,0.6956446425468724,869,9912,413.0,105728,3383296
2.015637,-0.014997134464792908,11.738442,0.35720394864678384,375.02,22.88,378.26,22.22,0.7037472228616735,872,9936,414.0,105984,3391488
1.9899336,-0.01576175739057362,11.580544,0.3560065703094006,388.44,24.01,373.41,21.89,0.7383367228779207,870,9960,415.0,106240,3399680
2.0556605,-0.017758492464199662,11.545574,0.3223141533136368,390.26,24.1,363.23,20.72,0.8244430295641871,869,9984,416.0,106496,3407872
2.0005069,-0.01879798516165465,12.074246,0.3111931011080742,391.39,23.96,358.73,21.24,0.6896065500788016,871,10008,417.0,106752,3416064
1.9547774,-0.01929584762547165,11.610547,0.30196436911821367,396.3,23.99,366.16,21.56,0.7655496495717663,864,10032,418.0,107008,3424256
2.042069,-0.017731581828556955,11.430443,0.38462415531277655,392.17,23.33,378.74,22.13,0.6180356235202711,871,10056,419.0,107264,3432448
2.0023184,-0.017846293998882174,11.091879,0.4064893947541714,393.12,23.54,378.07,22.66,0.7556034492286767,871,10080,420.0,107520,3440640
2.0212736,-0.018538704235106708,11.714387,0.3886628544330597,382.86,22.3,386.02,23.58,0.7684137557121413,871,10104,421.0,107776,3448832
1.9897531,-0.019128321846947075,11.722349,0.41053402185440063,380.99,21.81,387.36,22.27,0.6411713556716611,869,10128,422.0,108032,3457024
1.9975977,-0.019692791593261063,11.389975,0.35374508023262025,376.53,21.67,386.51,22.38,0.7006276550907169,870,10152,423.0,108288,3465216
1.9870533,-0.019295288366265595,11.532056,0.35748948812484743,384.44,22.27,391.79,23.22,0.6564771516272778,870,10176,424.0,108544,3473408
2.048654,-0.01794003858231008,11.750865,0.36857406824827194,391.15,22.81,390.34,22.47,0.6555151272108004,865,10200,425.0,108800,3481600
1.9645663,-0.020334636447951197,11.896031,0.3058510473370552,391.2,23.39,370.98,20.68,0.8372671751128988,869,10224,426.0,109056,3489792
1.9295899,-0.020794773702509702,11.698415,0.33960918337106705,389.34,23.84,374.71,21.35,0.7118202946194163,872,10248,427.0,109312,3497984
2.023155,-0.020541138551197945,11.2570305,0.3278821705281734,386.46,24.03,367.15,20.72,0.7207749103398065,873,10272,428.0,109568,3506176
2.026151,-0.018588139000348745,11.892456,0.3397698298096657,384.1,24.16,369.28,21.26,0.6023403543311054,872,10296,429.0,109824,3514368
2.0397198,-0.018233627742156387,11.620162,0.3964965558052063,378.34,23.41,370.24,21.46,0.6676587620116463,870,10320,430.0,110080,3522560
1.9221494,-0.01790560021298006,11.834866,0.43602833300828936,373.12,21.68,375.79,22.09,0.5534665821315132,869,10344,431.0,110336,3530752
2.037023,-0.016646256090607495,11.471845,0.4394049282371998,378.89,22.18,376.04,22.22,0.7440675261719373,870,10368,432.0,110592,3538944
1.9553266,-0.017686813913751393,11.672736,0.416473228931427,373.77,21.66,380.16,22.41,0.7808149922836747,860,10392,433.0,110848,3547136
1.9950429,-0.0184438179875724,11.371086,0.3713337177038193,381.57,22.16,368.28,20.9,0.7859378044461633,869,10416,434.0,111104,3555328
1.9948612,-0.016502048945985736,11.468916,0.34415714263916014,380.58,22.95,369.65,20.87,0.6952931072876634,870,10440,435.0,111360,3563520
2.0193307,-0.015710354098118842,11.422915,0.3478983759880066,383.01,23.25,377.49,21.23,0.7938093972954479,866,10464,436.0,111616,3571712
2.02197,-0.015059763281606138,11.268695,0.38327873960137365,385.95,23.28,382.44,21.74,0.7620533630771237,866,10488,437.0,111872,3579904
1.9526799,-0.014366434863768518,11.638773,0.4375726138055325,368.37,21.66,375.14,21.45,0.7534018942721564,867,10512,438.0,112128,3588096
2.0147064,-0.015460453317500652,11.35167,0.43932450622320174,368.23,21.08,383.79,22.32,0.761737200343138,869,10536,439.0,112384,3596288
1.9498599,-0.01589663552120328,11.715871,0.44954229295253756,362.63,20.28,371.74,20.75,0.6782089577235582,860,10560,440.0,112640,3604480
1.9759929,-0.016604215297847988,11.766912,0.4372269432246685,367.6,20.94,363.42,20.71,0.7004390680480009,862,10584,441.0,112896,3612672
1.9410713,-0.01638422696851194,11.582941,0.4437568171322346,380.39,21.76,369.1,21.19,0.7248548198623094,867,10608,442.0,113152,3620864
1.8966333,-0.015766874686814845,11.471191,0.48631681129336357,377.12,21.31,370.2,21.29,0.7494658925371129,869,10632,443.0,113408,3629056
1.9440739,-0.016832936792634427,11.838784,0.4197931119799614,376.71,22.32,372.02,21.35,0.7773400856451069,866,10656,444.0,113664,3637248
1.9416736,-0.01755284659098834,11.9792,0.4680894522368908,380.45,21.95,374.42,21.9,0.7462784333700259,868,10680,445.0,113920,3645440
1.9159275,-0.018140781556721778,11.615329,0.4249388626217842,381.12,21.9,379.52,22.25,0.742430071879102,870,10704,446.0,114176,3653632
1.8730152,-0.019355326269287616,12.215317,0.400534440279007,380.72,22.45,389.06,22.84,0.7921800804336278,862,10728,447.0,114432,3661824
1.925439,-0.01667015143437311,11.375157,0.4515131137520075,385.32,22.65,385.15,22.86,0.7291794436819645,869,10752,448.0,114688,3670016
1.8962831,-0.015128566669300198,11.545496,0.41721624717116357,388.79,22.45,386.59,22.97,0.7365910298801557,871,10776,449.0,114944,3678208
1.9252226,-0.015167631283402443,11.759305,0.4248037561774254,390.68,23.22,367.71,21.14,0.7312766243542225,872,10800,450.0,115200,3686400
1.9965667,-0.013664925238117576,11.220269,0.39504956141114234,390.13,23.69,360.55,20.4,0.835983759468881,867,10824,451.0,115456,3694592
1.9440242,-0.014647550364024937,11.7771,0.387656265348196,392.92,24.61,372.63,21.19,0.7410978815458895,867,10848,452.0,115712,3702784
1.9429864,-0.016514815564733,11.675553,0.3744766987860203,393.85,24.09,373.54,21.66,0.8237246310592421,869,10872,453.0,115968,3710976
1.9070141,-0.017637132364325226,11.994776,0.377235753685236,396.2,24.5,373.85,21.66,0.7614439202608092,869,10896,454.0,116224,3719168
1.9777153,-0.017171163624152542,11.5489435,0.40478493422269823,394.12,24.33,398.79,24.04,0.7447550433965872,870,10920,455.0,116480,3727360
1.9414581,-0.017111079259775577,11.982176,0.38335101515054704,396.61,24.49,407.86,24.76,0.7710882290192873,862,10944,456.0,116736,3735552
2.0080752,-0.017312451209872962,12.18373,0.36433913722634315,401.68,24.71,405.68,24.78,0.7946095274925397,869,10968,457.0,116992,3743744
1.9619831,-0.017117540533654392,11.907014,0.4019567386806011,395.88,24.8,396.94,24.03,0.6248342289728555,869,10992,458.0,117248,3751936
1.9818803,-0.016014258998911828,12.168648,0.46091617420315745,386.94,23.77,398.27,24.09,0.6351710786533911,867,11016,459.0,117504,3760128
1.9479741,-0.015487262301612646,12.229356,0.5174478735029697,377.09,23.09,395.22,23.99,0.7005887751603322,866,11040,460.0,117760,3768320
1.9527116,-0.014201362214516849,12.125284,0.5520812620222568,376.95,23.6,386.7,23.44,0.7546078114129826,869,11064,461.0,118016,3776512
1.9100415,-0.01396685241954401,12.184436,0.505201670974493,379.7,23.78,377.11,22.44,0.8014326969605112,869,11088,462.0,118272,3784704
1.8772159,-0.014423063257709146,12.196125,0.41108956530690194,388.31,24.51,377.54,22.6,0.8226425070547464,861,11112,463.0,118528,3792896
1.8431025,-0.015407541338354348,12.294426,0.3653676052391529,397.74,25.41,377.14,22.58,0.7276385907127526,869,11136,464.0,118784,3801088
1.9157958,-0.015061396826058625,12.295879,0.42844964846968653,395.37,24.06,379.85,22.76,0.7095637741359504,866,11160,465.0,119040,3809280
1.8148121,-0.013112893076613546,12.62582,0.4977313035726547,390.31,23.07,384.26,22.62,0.7057445417972507,869,11184,466.0,119296,3817472
1.8105352,-0.01466882557142526,12.667332,0.5156861460208892,385.28,22.3,399.67,24.38,0.7976766560332226,868,11208,467.0,119552,3825664
1.9196428,-0.01417279863730073,11.945128,0.5270681862533092,378.06,21.53,404.41,24.33,0.7701029070080305,869,11232,468.0,119808,3833856
1.9386231,-0.014988750996999443,11.50684,0.4707718013226986,386.29,22.09,405.85,24.29,0.7409805916610062,871,11256,469.0,120064,3842048
1.9648277,-0.017019297787919642,12.2103195,0.4058902470767498,391.11,23.14,407.41,24.99,0.705401847461433,860,11280,470.0,120320,3850240
1.9041948,-0.016385907493531703,12.257538,0.4130127441883087,399.17,23.58,401.8,24.38,0.7235996318901312,869,11304,471.0,120576,3858432
1.9404395,-0.016328172869980336,12.3041,0.47458660721778867,391.09,22.57,391.29,23.37,0.6061323095074631,869,11328,472.0,120832,3866624
1.886439,-0.017796768215484916,12.58259,0.47672129184007644,392.49,22.15,385.52,22.62,0.7830727957498811,871,11352,473.0,121088,3874816
1.8777698,-0.01620860252529383,12.553856,0.540672883093357,381.43,22.17,381.2,22.4,0.6282703227784275,869,11376,474.0,121344,3883008
1.8252404,-0.015202522925101221,12.48453,0.5677698943018913,386.22,22.24,384.47,22.27,0.7239656355819477,868,11400,475.0,121600,3891200
1.8840371,-0.016272676112130284,12.665206,0.5775594690442085,378.92,21.89,383.11,22.29,0.6561998977348421,869,11424,476.0,121856,3899392
1.890377,-0.01653579419478774,12.4817295,0.5382453052699566,386.22,22.08,388.57,22.71,0.8103419238983092,869,11448,477.0,122112,3907584
1.8565629,-0.01716838913038373,12.8101425,0.48805167242884634,384.42,22.93,387.84,23.65,0.7772198225794571,861,11472,478.0,122368,3915776
1.8814448,-0.01751501262653619,13.039687,0.47521297588944433,391.58,22.89,393.91,23.76,0.7166228364281553,868,11496,479.0,122624,3923968
1.9065449,-0.017158040781505405,12.662453,0.4672288642823696,392.44,23.23,391.63,24.3,0.6885148651595204,869,11520,480.0,122880,3932160
1.8946491,-0.01748004326131195,12.946647,0.4423376692831516,396.8,23.57,395.41,24.55,0.827962707135592,869,11544,481.0,123136,3940352
1.9050409,-0.017646842114627363,13.108602,0.4053356122970581,397.85,24.19,394.44,24.45,0.8604351014385534,870,11568,482.0,123392,3948544
1.8621255,-0.017141294460743667,12.983362,0.4319245475530624,397.09,24.33,402.68,25.33,0.7488197845791689,870,11592,483.0,123648,3956736
1.8935171,-0.0171536885201931,13.505574,0.37938994616270066,395.88,24.58,401.09,25.36,0.7873897119480432,869,11616,484.0,123904,3964928
1.9028891,-0.017798133343458176,13.159799,0.39837672755122183,403.46,25.87,398.73,24.99,0.7993264402422755,860,11640,485.0,124160,3973120
1.8795359,-0.016407135827466845,12.920917,0.46703430339694024,399.84,25.55,399.12,24.95,0.7613185940159221,866,11664,486.0,124416,3981312
1.9266012,-0.015661097071133553,13.400206,0.39858842864632604,396.36,25.51,389.6,23.53,0.8393004428015259,869,11688,487.0,124672,3989504
1.843321,-0.015070813717320561,13.28007,0.3760842916369438,398.04,26.01,389.77,23.47,0.8448902503573649,868,11712,488.0,124928,3997696
1.8830762,-0.01485751093365252,13.387217,0.44428644597530365,391.5,25.38,391.29,23.37,0.6483070624700625,877,11736,489.0,125184,4005888
1.8160965,-0.0139193017128855,13.452809,0.438479782640934,388.45,25.13,381.54,22.56,0.7857634124364512,869,11760,490.0,125440,4014080
1.8368391,-0.015155469588935376,13.076514,0.44120487600564956,396.85,25.76,380.51,22.63,0.8328949951410936,869,11784,491.0,125696,4022272
1.8542676,-0.015173525158315897,13.161481,0.46890513867139816,395.46,25.69,387.69,23.26,0.75060446217873,862,11808,492.0,125952,4030464
1.8923408,-0.016915366291068493,13.162066,0.4158075664937496,396.56,25.3,382.69,22.51,0.7960295857559712,869,11832,493.0,126208,4038656
1.814979,-0.01673030946869403,13.519729,0.48839891716837885,397.48,25.27,380.44,22.68,0.6227206641894909,871,11856,494.0,126464,4046848
1.8605304,-0.0168335138913244,12.995528,0.5554546974599361,391.31,24.86,384.53,22.74,0.7552477169341907,872,11880,495.0,126720,4055040
1.8524544,-0.015713636530563235,13.207211,0.5786962087452412,389.05,24.5,381.86,23.01,0.7844835519154616,871,11904,496.0,126976,4063232
1.8349433,-0.01525355241727084,13.085451,0.5702930396795273,388.93,24.86,385.45,23.32,0.839913153198157,869,11928,497.0,127232,4071424
1.7841399,-0.01478594577871263,12.995511,0.46896458834409716,391.36,25.43,395.06,24.23,0.8512755996710734,870,11952,498.0,127488,4079616
1.841568,-0.014810885982587934,13.676256,0.4817028757929802,397.16,25.89,397.32,25.04,0.7294046262547349,870,11976,499.0,127744,4087808
1.8536209,-0.016324394596740604,13.613699,0.5344833210110664,395.74,25.22,399.38,25.54,0.7329031231006681,866,12000,500.0,128000,4096000
1.7774286,-0.01551678666844964,13.569187,0.5717053273320198,391.45,25.0,393.63,24.64,0.8391942839028368,861,12024,501.0,128256,4104192
1.7934917,-0.01562202422413975,13.294814,0.6516561302542686,385.15,24.04,388.71,24.77,0.7438103597009098,871,12048,502.0,128512,4112384
1.787215,-0.014747784319333733,13.858521,0.6983955922722817,380.7,22.76,376.47,23.38,0.6948441830685192,867,12072,503.0,128768,4120576
1.8432385,-0.015026784120127559,13.415959,0.6777751263976097,380.92,22.58,365.46,21.97,0.7573146850194189,868,12096,504.0,129024,4128768
1.8198364,-0.015092373404186218,13.987801,0.7291134428977967,378.8,22.89,364.21,22.16,0.7058285599406056,870,12120,505.0,129280,4136960
1.8650352,-0.014551131485495717,13.999849,0.7810256958007813,377.84,22.93,358.74,21.71,0.7758354771236716,870,12144,506.0,129536,4145152
1.7846237,-0.015498714863788336,13.730237,0.7547716891765595,374.06,22.47,369.76,22.41,0.800843423668281,867,12168,507.0,129792,4153344
1.851717,-0.01519851507851854,13.916878,0.7303590169548988,376.18,23.49,367.25,22.32,0.7570224654399628,860,12192,508.0,130048,4161536
1.8215622,-0.01594033201225102,14.117881,0.6631492084264755,383.32,23.6,367.9,22.32,0.8420154105437889,868,12216,509.0,130304,4169728
1.7746547,-0.016142632379196584,13.702263,0.6428438699245453,384.95,23.43,368.53,22.41,0.7707309629088305,867,12240,510.0,130560,4177920
1.8764173,-0.014379075719043613,13.816167,0.611715304851532,390.4,24.02,374.21,23.04,0.77660793493245,869,12264,511.0,130816,4186112
1.8058393,-0.01477036632131785,13.810204,0.7299348852038383,379.21,22.88,372.54,23.1,0.7142933388564018,869,12288,512.0,131072,4194304
1.8559983,-0.015265997718088328,13.840406,0.7978593972325325,371.6,21.67,388.0,24.22,0.7435411306355535,869,12312,513.0,131328,4202496
1.8390107,-0.015729348943568765,13.187667,0.789220605790615,363.65,21.67,388.66,24.78,0.8107614803973392,867,12336,514.0,131584,4210688
1.9758438,-0.016961803678423166,12.846496,0.7800269335508346,361.8,21.0,380.87,24.29,0.8149306888251922,862,12360,515.0,131840,4218880
1.9146048,-0.01660507081542164,13.0375395,0.6975565016269684,368.05,21.22,373.65,23.8,0.7498972498200456,872,12384,516.0,132096,4227072
1.8657823,-0.017025805418379603,13.605484,0.5926546344161033,389.38,23.28,373.84,23.22,0.8201015658287838,870,12408,517.0,132352,4235264
1.8287133,-0.016955123636871575,13.915266,0.5014787679910659,395.01,24.01,374.28,23.36,0.8072154523522169,870,12432,518.0,132608,4243456
1.8372688,-0.014912738278508187,13.385403,0.5300595235824584,401.1,24.27,361.07,21.23,0.7365203000287074,869,12456,519.0,132864,4251648
1.9661303,-0.01596912398468703,13.533373,0.6390087094902992,388.33,22.98,362.63,21.47,0.700873238266162,871,12480,520.0,133120,4259840
1.9052327,-0.015016828798688948,13.446105,0.7086057767271996,382.91,22.8,364.31,21.26,0.6872211657264706,868,12504,521.0,133376,4268032
1.8899492,-0.015472604692913592,14.049269,0.755300070643425,379.07,22.82,361.43,21.08,0.7913088213909787,860,12528,522.0,133632,4276224
1.9475776,-0.018179759192280473,12.546112,0.7552641054987907,376.96,22.19,372.32,22.01,0.7597036069987259,870,12552,523.0,133888,4284416
1.7599143,-0.017967973994091155,13.877436,0.6116329607367516,376.61,22.36,373.54,21.45,0.7954245638452925,869,12576,524.0,134144,4292608
1.9411079,-0.01764140876941383,13.378229,0.5132050403952598,389.71,24.26,380.03,22.14,0.8138265729243783,870,12600,525.0,134400,4300800
1.9391572,-0.01772579955868423,13.5677595,0.49591239750385285,391.33,24.43,389.03,23.26,0.7253874554191936,869,12624,526.0,134656,4308992
1.9117428,-0.0162460699910298,13.274983,0.4941509824991226,389.92,23.42,383.76,22.85,0.7409761503073891,868,12648,527.0,134912,4317184
1.9463948,-0.017423181789927186,12.489894,0.5097337603569031,385.99,23.31,370.06,21.7,0.7647215099702623,867,12672,528.0,135168,4325376
1.9349878,-0.017994765043258667,13.002725,0.49699233651161195,389.25,23.84,371.48,21.51,0.8188255474952217,861,12696,529.0,135424,4333568
1.9196671,-0.019607882760465146,13.23883,0.5658450841903686,389.85,22.72,371.17,21.81,0.7503100922008298,870,12720,530.0,135680,4341760
1.9329824,-0.01813421135302633,13.06401,0.6082552063465119,381.51,22.02,350.7,20.31,0.7433854443093584,863,12744,531.0,135936,4349952
1.8724489,-0.01883771939901635,13.077989,0.668231712281704,375.64,21.27,354.75,20.57,0.7345759580913156,868,12768,532.0,136192,4358144
1.88845,-0.018906137405429034,13.307248,0.7135891538858413,374.07,21.12,359.23,21.34,0.7632325950315311,869,12792,533.0,136448,4366336
1.8542991,-0.01780934617621824,13.510462,0.7121085092425347,372.84,20.98,350.69,21.0,0.7329577241558254,869,12816,534.0,136704,4374528
1.8432206,-0.01827319978037849,13.4510565,0.6049408301711082,380.15,22.22,354.88,21.26,0.8473731023380537,867,12840,535.0,136960,4382720
1.907798,-0.017591384314000605,13.66249,0.5635603526234627,382.63,22.81,369.26,21.84,0.7753618635132569,863,12864,536.0,137216,4390912
1.933351,-0.017554595642723145,13.583645,0.5736107420921326,390.59,23.28,370.2,21.63,0.7643200658282421,870,12888,537.0,137472,4399104
1.9371338,-0.017056029420346022,13.502519,0.5369630685448646,388.97,23.4,370.66,20.74,0.8101518720508519,871,12912,538.0,137728,4407296
1.9142473,-0.016064614851493388,13.474102,0.5938808229565621,385.14,23.16,370.57,20.73,0.7506129370120223,869,12936,539.0,137984,4415488
2.0098681,-0.01775339548708871,13.47104,0.5828101000189781,378.91,22.43,374.57,21.76,0.8122111842347,871,12960,540.0,138240,4423680
1.9837476,-0.01737043866654858,13.381137,0.589907796382904,377.01,22.86,373.64,22.42,0.7256756089741927,867,12984,541.0,138496,4431872
1.9728769,-0.01875842329347506,13.10125,0.5619256660342217,377.59,23.3,365.66,22.15,0.8164716648751829,867,13008,542.0,138752,4440064
1.9063693,-0.01879182405769825,13.620842,0.5132857745885849,379.74,23.0,368.89,22.99,0.8181201902032684,861,13032,543.0,139008,4448256
2.001214,-0.017573061720468103,13.078939,0.5126903891563416,385.51,23.02,386.09,25.03,0.769261778792209,866,13056,544.0,139264,4456448
1.8991021,-0.018134469743818046,13.234645,0.4948393189907074,384.85,23.37,377.87,23.7,0.7221082407756383,870,13080,545.0,139520,4464640
1.9445224,-0.017075242353603245,13.6489725,0.5521611177921295,384.87,22.95,378.05,23.0,0.7908348030908232,870,13104,546.0,139776,4472832
1.878569,-0.016922433129511773,13.659974,0.6971265655755997,376.04,22.7,375.2,22.19,0.6612039886200951,870,13128,547.0,140032,4481024
1.8920889,-0.018318935432471335,13.736566,0.6484296980500222,380.03,23.18,373.04,22.4,0.8512638055113921,869,13152,548.0,140288,4489216
1.9379619,-0.017718059392645955,14.089304,0.6552853238582611,381.39,23.13,372.64,21.71,0.8159094288232832,866,13176,549.0,140544,4497408
1.9152005,-0.016878910954110326,12.974539,0.575374915599823,388.21,23.52,376.69,22.81,0.8499822982962245,871,13200,550.0,140800,4505600
1.9342192,-0.013864237002562731,14.731015,0.47632558315992357,391.76,23.87,376.01,23.74,0.7993534803513102,869,13224,551.0,141056,4513792
1.8798262,-0.014307409746106715,14.325521,0.5104532277584076,401.09,24.7,380.31,23.65,0.7848591844073621,866,13248,552.0,141312,4521984
1.8655128,-0.013215057519264519,14.208109,0.547505547106266,387.89,23.4,383.01,23.81,0.7014219283692694,867,13272,553.0,141568,4530176
1.9566154,-0.013683906057849526,14.329025,0.6347219070792198,386.44,23.83,379.28,23.02,0.7744648569115581,870,13296,554.0,141824,4538368
1.9349233,-0.01345557828200981,13.35858,0.7194335240125657,381.58,23.24,377.38,22.35,0.7377136567399584,870,13320,555.0,142080,4546560
1.9639136,-0.012222404463682324,13.490082,0.7261230632662773,380.0,23.24,382.44,22.7,0.7549173514167972,867,13344,556.0,142336,4554752
1.953284,-0.013588580028153956,13.39782,0.7065414199233055,379.03,23.16,382.55,22.41,0.8003152695440404,870,13368,557.0,142592,4562944
1.9901389,-0.012703538830392063,13.722657,0.7100181022286415,385.42,23.25,385.83,22.25,0.7463462579695926,871,13392,558.0,142848,4571136
1.9310597,-0.014326009675860405,13.628043,0.642527959048748,387.41,23.63,382.35,22.17,0.8175873857143443,862,13416,559.0,143104,4579328
1.9021941,-0.01607091147219762,13.704647,0.5931819996237755,391.65,24.3,384.56,22.95,0.7957929045387228,866,13440,560.0,143360,4587520
2.0012543,-0.01621047905413434,13.267723,0.5440920875966548,396.47,24.48,375.79,22.38,0.8301439577828709,870,13464,561.0,143616,4595712
1.9427187,-0.015754938402678817,13.590098,0.47971009477972987,395.64,24.93,377.51,22.66,0.8087894025441902,870,13488,562.0,143872,4603904
1.9830611,-0.01388092223322019,13.4398775,0.44788377717137334,405.6,25.81,375.49,23.03,0.8299916188767069,864,13512,563.0,144128,4612096
1.9472593,-0.01342719211243093,14.094207,0.43674920961260794,406.1,25.78,385.24,23.07,0.8161710240236651,870,13536,564.0,144384,4620288
2.0253668,-0.014706312706694006,13.448909,0.4281168034672737,408.93,26.49,387.16,22.65,0.8349329014184924,871,13560,565.0,144640,4628480
2.0509243,-0.014211249004583806,13.589917,0.5172837764024735,400.6,24.86,396.59,22.89,0.6875755639519175,860,13584,566.0,144896,4636672
2.013536,-0.014654875549022109,13.247756,0.527340292930603,400.84,24.71,389.37,22.77,0.75465317326446,869,13608,567.0,145152,4644864
1.9907796,-0.01621934330323711,12.803482,0.5419635033607483,397.87,24.77,386.05,22.69,0.7952389479961235,870,13632,568.0,145408,4653056
2.0495458,-0.017113436486106366,13.790997,0.5477546909451485,395.87,24.38,380.52,22.95,0.7944156326410522,868,13656,569.0,145664,4661248
2.022835,-0.01771929692942649,13.088736,0.505914269387722,388.53,23.56,369.6,22.82,0.7590247609011631,868,13680,570.0,145920,4669440
1.947293,-0.017010015808045863,13.646836,0.5479189258813858,384.54,23.66,374.6,23.93,0.6966374212694911,868,13704,571.0,146176,4677632
1.9669641,-0.019257701695896686,13.560083,0.5692644423246384,382.68,23.16,370.55,22.97,0.8275805565674601,869,13728,572.0,146432,4685824
1.9805247,-0.018766034056898206,13.621194,0.6292188093066216,378.53,21.94,364.66,22.16,0.7790751220507365,865,13752,573.0,146688,4694016
1.8982073,-0.019897490513976664,14.100439,0.6353880086541176,376.21,21.64,370.27,22.13,0.8193204349650289,860,13776,574.0,146944,4702208
1.9638597,-0.019088643349241464,13.875118,0.5721102252602577,384.77,22.21,366.55,21.79,0.8102576162962017,869,13800,575.0,147200,4710400
1.9387263,-0.017753656909335405,14.049215,0.6174038752913475,389.87,22.65,362.68,20.92,0.6975204963113552,869,13824,576.0,147456,4718592
1.9741464,-0.015554905785247684,13.376755,0.60679432451725,396.14,23.03,376.49,22.51,0.7860532111886497,868,13848,577.0,147712,4726784
1.9979484,-0.015328265586867928,13.3054495,0.5816361314058304,401.17,23.9,365.15,22.54,0.8176334862635577,869,13872,578.0,147968,4734976
1.9657413,-0.014794423645362258,13.678338,0.6472639986872673,395.91,23.16,365.01,21.99,0.7517674174126847,871,13896,579.0,148224,4743168
2.0011156,-0.013935770276002585,13.39959,0.6693298733234405,382.11,22.02,362.1,21.74,0.743271677542159,869,13920,580.0,148480,4751360
1.984115,-0.014240392721258105,13.477118,0.7220958292484283,380.58,22.21,355.09,21.46,0.686255742302939,863,13944,581.0,148736,4759552
1.9783705,-0.013648529094643891,13.549826,0.7244766941666603,374.08,21.68,358.45,20.99,0.7917776805723901,872,13968,582.0,148992,4767744
1.9209397,-0.013179606306366623,14.181163,0.7622449445724487,370.76,22.24,371.4,22.01,0.6945462531474969,869,13992,583.0,149248,4775936
1.9643117,-0.013749246411025524,12.760279,0.7094560086727142,376.69,22.25,367.57,21.52,0.7983655787737559,868,14016,584.0,149504,4784128
1.9858779,-0.014876786964014172,13.216404,0.6736554032564164,383.14,23.19,369.63,21.86,0.710936586031792,868,14040,585.0,149760,4792320
2.0045855,-0.017403754871338606,13.240145,0.6846369323134422,383.7,22.89,367.73,21.23,0.7309554915244614,868,14064,586.0,150016,4800512
2.0079672,-0.01736082664690912,13.8007,0.6069756072759628,386.09,23.04,359.6,20.26,0.7877305278768345,869,14088,587.0,150272,4808704
1.9429668,-0.01762777353171259,14.311872,0.5624644955992699,396.32,24.33,369.13,21.16,0.8361507221879728,861,14112,588.0,150528,4816896
1.9966387,-0.01711319319438189,13.760392,0.5806700971722603,390.25,23.83,374.13,21.62,0.7350940021905439,870,14136,589.0,150784,4825088
1.9914671,-0.01713078155880794,13.744066,0.5483768784999847,391.55,24.96,379.56,21.82,0.7965520975374631,869,14160,590.0,151040,4833280
2.037259,-0.01605901643401012,13.953498,0.5718059810996056,390.88,24.82,389.16,23.17,0.7777748452892544,866,14184,591.0,151296,4841472
2.0480266,-0.016683566707652062,13.714185,0.5673483830690383,392.55,24.69,395.43,23.73,0.8577344093068872,865,14208,592.0,151552,4849664
2.0879126,-0.017025086192879825,13.918308,0.5563640397787094,387.07,23.73,396.11,23.2,0.7471784361996029,870,14232,593.0,151808,4857856
2.0006473,-0.01675423059845343,14.035211,0.5109899854660034,387.03,23.89,399.08,24.25,0.8502922430756703,866,14256,594.0,152064,4866048
1.9882486,-0.017843243125826122,13.964273,0.543505882024765,389.71,23.25,391.49,23.37,0.7707357947693694,868,14280,595.0,152320,4874240
2.03255,-0.017698655435815454,12.700955,0.5784537374973298,391.07,23.81,385.55,22.52,0.7406181856941305,868,14304,596.0,152576,4882432
1.9899268,-0.018783302400261163,13.579483,0.5486823633313179,388.83,23.84,384.97,22.56,0.7721832152203438,861,14328,597.0,152832,4890624
2.060742,-0.018890344966202975,13.286066,0.5915581226348877,389.78,24.17,382.33,22.23,0.7686869389335472,866,14352,598.0,153088,4898816
2.0546007,-0.01844100679503754,13.157071,0.5823046860098838,387.6,23.91,377.17,22.34,0.7333785451901225,869,14376,599.0,153344,4907008
2.0520492,-0.018615361775737256,13.754184,0.6521640077233315,382.55,23.37,386.79,23.87,0.742718165540124,869,14400,600.0,153600,4915200
2.050247,-0.017193695122841746,12.688431,0.618728324174881,382.75,23.09,397.44,25.02,0.8129359381931687,869,14424,601.0,153856,4923392
2.0473802,-0.01862315145554021,13.978612,0.5530867114663124,386.21,23.58,388.72,24.06,0.800834125409752,870,14448,602.0,154112,4931584
2.0536923,-0.017596545009873808,13.345481,0.49036224812269213,391.61,23.97,390.89,23.47,0.8345953660741887,869,14472,603.0,154368,4939776
2.0821002,-0.01627119289478287,12.909017,0.36972536265850064,394.69,24.35,400.87,24.92,0.7565208588502015,862,14496,604.0,154624,4947968
2.0547106,-0.017860127796884628,13.834627,0.3658409869670868,408.58,26.14,398.66,24.04,0.8151176749515534,869,14520,605.0,154880,4956160
2.0657444,-0.017887511525768788,12.97026,0.37577747732400896,410.41,26.91,397.61,24.0,0.8333647641058988,869,14544,606.0,155136,4964352
2.0083191,-0.019217810672707857,14.418416,0.35626979753375054,408.47,26.63,403.4,24.48,0.8129317481306428,871,14568,607.0,155392,4972544
2.0017147,-0.01887573704821989,13.675906,0.35148649364709855,408.68,26.79,405.52,25.01,0.8787186735457123,869,14592,608.0,155648,4980736
2.0859663,-0.018071332399267705,12.802257,0.3556061851978302,405.81,26.16,399.27,23.58,0.7896747533969599,869,14616,609.0,155904,4988928
2.067569,-0.0171757817780599,13.940445,0.4448339521884918,399.26,25.11,399.85,23.86,0.7777153048153798,869,14640,610.0,156160,4997120
